run,group,model,seed,data,fit_time_s,train_time_s,best_epoch,epochs_run,n_params,peak_gpu_mem_mb,key,train_fraction,val/recall@5,val/precision@5,val/ndcg@5,val/map@5,val/hit@5,val/recall@10,val/precision@10,val/ndcg@10,val/map@10,val/hit@10,val/recall@20,val/precision@20,val/ndcg@20,val/map@20,val/hit@20,val/mrr,val/n_users,val/warm/recall@5,val/warm/precision@5,val/warm/ndcg@5,val/warm/map@5,val/warm/hit@5,val/warm/recall@10,val/warm/precision@10,val/warm/ndcg@10,val/warm/map@10,val/warm/hit@10,val/warm/recall@20,val/warm/precision@20,val/warm/ndcg@20,val/warm/map@20,val/warm/hit@20,val/warm/mrr,val/warm/n_users,val/sparse/recall@5,val/sparse/precision@5,val/sparse/ndcg@5,val/sparse/map@5,val/sparse/hit@5,val/sparse/recall@10,val/sparse/precision@10,val/sparse/ndcg@10,val/sparse/map@10,val/sparse/hit@10,val/sparse/recall@20,val/sparse/precision@20,val/sparse/ndcg@20,val/sparse/map@20,val/sparse/hit@20,val/sparse/mrr,val/sparse/n_users,val/cold/recall@5,val/cold/precision@5,val/cold/ndcg@5,val/cold/map@5,val/cold/hit@5,val/cold/recall@10,val/cold/precision@10,val/cold/ndcg@10,val/cold/map@10,val/cold/hit@10,val/cold/recall@20,val/cold/precision@20,val/cold/ndcg@20,val/cold/map@20,val/cold/hit@20,val/cold/mrr,val/cold/n_users,val/coverage@10,val/diversity@10,val/novelty@10,val/personalization@10,val/gini@10,val/tail_share@10,test/recall@5,test/precision@5,test/ndcg@5,test/map@5,test/hit@5,test/recall@10,test/precision@10,test/ndcg@10,test/map@10,test/hit@10,test/recall@20,test/precision@20,test/ndcg@20,test/map@20,test/hit@20,test/mrr,test/n_users,test/warm/recall@5,test/warm/precision@5,test/warm/ndcg@5,test/warm/map@5,test/warm/hit@5,test/warm/recall@10,test/warm/precision@10,test/warm/ndcg@10,test/warm/map@10,test/warm/hit@10,test/warm/recall@20,test/warm/precision@20,test/warm/ndcg@20,test/warm/map@20,test/warm/hit@20,test/warm/mrr,test/warm/n_users,test/sparse/recall@5,test/sparse/precision@5,test/sparse/ndcg@5,test/sparse/map@5,test/sparse/hit@5,test/sparse/recall@10,test/sparse/precision@10,test/sparse/ndcg@10,test/sparse/map@10,test/sparse/hit@10,test/sparse/recall@20,test/sparse/precision@20,test/sparse/ndcg@20,test/sparse/map@20,test/sparse/hit@20,test/sparse/mrr,test/sparse/n_users,test/cold/recall@5,test/cold/precision@5,test/cold/ndcg@5,test/cold/map@5,test/cold/hit@5,test/cold/recall@10,test/cold/precision@10,test/cold/ndcg@10,test/cold/map@10,test/cold/hit@10,test/cold/recall@20,test/cold/precision@20,test/cold/ndcg@20,test/cold/map@20,test/cold/hit@20,test/cold/mrr,test/cold/n_users,test/coverage@10,test/diversity@10,test/novelty@10,test/personalization@10,test/gini@10,test/tail_share@10
popularity_frac0.5_s42,sparsity,Popularity,42,frac0.5,0.0026236999838147,0.0026236999838147,,,0,,popularity,0.5,0.0321736612889054,0.3001135073779795,0.311886111551473,0.2352818766553158,0.6220204313280363,0.0564136171400735,0.2706015891032917,0.2891555831372694,0.1894176040534345,0.7241770715096482,0.0980816288058816,0.2426787741203178,0.2708560476740288,0.1539435437788245,0.8104426787741204,0.4738265185622186,881,0.0296551048940128,0.2073770491803278,0.2177753535489039,0.1564344262295082,0.4897540983606557,0.0524930452898791,0.1918032786885246,0.2067897792504764,0.1252394053401567,0.625,0.0869064119815626,0.1656762295081967,0.1937234784966351,0.0993037384757613,0.7069672131147541,0.3576432649617888,488,0.0283596244740407,0.3361111111111111,0.3549022645013155,0.285324074074074,0.5972222222222222,0.0532138687774288,0.3,0.3234861607293459,0.2319780643738977,0.6944444444444444,0.0940779683038954,0.2736111111111111,0.3025577550402811,0.1923830481368858,0.7777777777777778,0.5042820605320605,72,0.0368579795798022,0.4330218068535825,0.4453094352052583,0.3439252336448598,0.8286604361370716,0.0630915640092488,0.3838006230529595,0.4066718158790933,0.2774381891905256,0.881619937694704,0.1159687607884694,0.352803738317757,0.3810061125593806,0.228387720333698,0.9750778816199376,0.6436228697621597,321,0.0304910955207771,0.6555579304695129,2.624012635499544,0.621698963414324,0.9934652706014664,0.0,0.033132310880586,0.2962542565266742,0.3092042566837355,0.2292470677260688,0.6435868331441543,0.0593456451893353,0.2750283768444949,0.2930471260248408,0.1896994869646685,0.7412031782065834,0.1013376881969262,0.2443246311010215,0.2729437496694962,0.1530707454952422,0.8320090805902384,0.4835634499530544,881,0.0310875863864933,0.2320328542094455,0.2403792482042087,0.175927446954141,0.5318275154004107,0.0566018951057625,0.2170431211498973,0.231980457646016,0.1441874110470106,0.6632443531827515,0.0933286371394995,0.1861396303901437,0.2148586749480785,0.113414618847315,0.7453798767967146,0.3795035098601191,487,0.027956052743561,0.2383561643835616,0.2472195000765507,0.160593607305936,0.6164383561643836,0.0509936902240107,0.2205479452054794,0.2319195654494431,0.1271080669710806,0.684931506849315,0.0908813673910433,0.2054794520547945,0.2244016572930579,0.1066720784791419,0.821917808219178,0.4348359023016557,73,0.0374115871192961,0.4068535825545172,0.427717236004153,0.3257528556593977,0.8193146417445483,0.0654076358534121,0.3753894080996884,0.3995947254718555,0.2729815886202179,0.8722741433021807,0.1158664087071949,0.3414330218068536,0.3721057563137652,0.2237861235940456,0.9657320872274144,0.6525176611798816,321,0.0313005936319481,0.655610203742981,2.6159061542641715,0.607704813827679,0.9936482422895536,0.0
itemknn_frac0.5_s42,sparsity,ItemKNN,42,frac0.5,1.3589935000054538,1.3589935000054538,,,0,,itemknn,0.5,0.0359484874453947,0.3101021566401816,0.3229607241057365,0.2403607012233573,0.6515323496027242,0.0606247634360374,0.2771850170261067,0.2981434779957457,0.1920103171171356,0.7400681044267877,0.1051621171107861,0.249716231555051,0.2806358236271238,0.1574935646227217,0.8297389330306469,0.4947060506603121,881,0.035089718707168,0.2266393442622951,0.2368650260724994,0.1663069216757741,0.5389344262295082,0.0591462096405142,0.2065573770491803,0.2235669820431327,0.1326355103744594,0.6536885245901639,0.0994121764497038,0.1823770491803278,0.2129968360305077,0.1088705986359152,0.7418032786885246,0.3883608591024657,488,0.0377142120163648,0.3277777777777778,0.3610268960123071,0.2805555555555556,0.625,0.0596482532723499,0.2805555555555555,0.3197508886113084,0.2135736331569665,0.6944444444444444,0.0959543174173389,0.2465277777777778,0.2915936458478774,0.1709794454329735,0.7777777777777778,0.5515693082788671,72,0.0368579795798022,0.4330218068535825,0.4453094352052583,0.3439252336448598,0.8286604361370716,0.0630915640092488,0.3838006230529595,0.4066718158790933,0.2774381891905256,0.881619937694704,0.1159687607884694,0.352803738317757,0.3810061125593806,0.228387720333698,0.9750778816199376,0.6436228697621597,321,0.0903939557474365,0.6567381024360657,2.90846250366844,0.7829992931729842,0.983258611216097,0.0012485811577752,0.0383317372892607,0.3155505107832009,0.3319356061406844,0.2460890402320595,0.681044267877412,0.065382683804259,0.2854710556186152,0.3089419629659953,0.2008471367485069,0.7491486946651532,0.1092926820865083,0.2556186152099887,0.2890396951246807,0.1635141244803039,0.8286038592508513,0.5150962022038901,881,0.0390062492174918,0.2611909650924024,0.2770510602319957,0.2017613506730549,0.5913757700205339,0.0665739990110041,0.233264887063655,0.2579128713589299,0.1610540550922627,0.6735112936344969,0.1064670147434903,0.2063655030800821,0.2425993227106037,0.130871298652433,0.7433264887063655,0.4380290684424161,487,0.0378780509263856,0.2767123287671233,0.2769064372551768,0.1915068493150685,0.6712328767123288,0.0573254219759983,0.2383561643835616,0.2507451252709228,0.149122091759078,0.7123287671232876,0.0992369800428012,0.2068493150684931,0.2335911433980962,0.1162503499962225,0.7945205479452054,0.4249510763209393,73,0.0374115871192961,0.4068535825545172,0.427717236004153,0.3257528556593977,0.8193146417445483,0.0654076358534121,0.3753894080996884,0.3995947254718555,0.2729815886202179,0.8722741433021807,0.1158664087071949,0.3414330218068536,0.3721057563137652,0.2237861235940456,0.9657320872274144,0.6525176611798816,321,0.0890447922288181,0.6584219932556152,2.918215065618981,0.7889776542287339,0.9827457146830032,0.0019296254256526
mf_frac0.5_s42,sparsity,MF-BPR,42,frac0.5,44.62671369998134,39.56712000007974,41.0,61.0,623872,60.853515625,mf,0.5,0.0365989435303366,0.3005675368898979,0.3136543047830402,0.2297458695926346,0.6617480136208853,0.0638440458385027,0.2777525539160045,0.2967864261476962,0.1891811165862906,0.7616345062429057,0.1093554819523623,0.2489216799091941,0.2800199366968237,0.156152569250648,0.8479001135073779,0.4895267608158075,881,0.0375990631513518,0.2241803278688524,0.2350978610824017,0.1654428506375228,0.5512295081967213,0.0652302365016404,0.2049180327868852,0.2240114246391632,0.1338632583232139,0.6762295081967213,0.1072515519419208,0.1796106557377049,0.2142051944219119,0.1092085063675632,0.7704918032786885,0.3876884889790602,488,0.0306900774053172,0.3166666666666666,0.3320440302304455,0.2456018518518518,0.6666666666666666,0.051085414384676,0.3055555555555556,0.3194149811950813,0.2144389329805996,0.7083333333333334,0.0986731253827717,0.2708333333333333,0.2964978296393796,0.1770521300338054,0.8194444444444444,0.496182964412131,72,0.0364038656049346,0.4130841121495328,0.4289548789067113,0.3239460020768432,0.8286604361370716,0.0645984396735941,0.3822429906542056,0.4023470017637472,0.2676127429164812,0.9034267912772586,0.1149500225072096,0.3493769470404985,0.3763787713955555,0.2228314923364986,0.97196261682243,0.6428533340164224,321,0.1106314085267134,0.6960513591766357,2.9011112274440203,0.7460711194267409,0.9820685295434652,0.0035187287173665,0.0363557907772625,0.3121452894438138,0.3258772810555434,0.2408686467398158,0.6696935300794552,0.0651886090771229,0.2808172531214529,0.303213123905958,0.1944328363203018,0.7695800227014756,0.1116004436966184,0.2507945516458569,0.2842247559978524,0.1578020775819213,0.8501702610669694,0.5098847631804305,881,0.0365397699308837,0.2562628336755647,0.267329868337157,0.1952743554642938,0.5790554414784395,0.0676830361677912,0.2279260780287474,0.2506937529750686,0.1545109583874617,0.6981519507186859,0.1124126409367767,0.2005133470225872,0.2368095220896402,0.1244741875927457,0.784394250513347,0.42338577230679,487,0.0292619343974549,0.2493150684931507,0.2635740130222213,0.1860730593607305,0.5616438356164384,0.0496010163350317,0.2287671232876712,0.2463397315675863,0.1487377690802348,0.6712328767123288,0.0937459874499764,0.2047945205479452,0.2327930129892863,0.1158216394653865,0.8082191780821918,0.4490967676079428,73,0.0376899143533137,0.411214953271028,0.4288702049193649,0.3225025960539979,0.8317757009345794,0.0649490709992949,0.3728971962616823,0.395825869339118,0.2653913860455916,0.9003115264797508,0.1144285908930288,0.3375389408099688,0.3678563327982408,0.2179119043957394,0.9595015576323987,0.6549393807263949,321,0.1200755531570426,0.6967771649360657,2.935938533768447,0.7501046932513263,0.9807357213782848,0.0072644721906923
two_tower_frac0.5_s42,sparsity,Two-Tower,42,frac0.5,57.36596899997676,54.932952900009695,8.0,28.0,712064,270.80859375,two_tower,0.5,0.0378712639997235,0.2917139614074915,0.2995301511095568,0.2201002648505486,0.641316685584563,0.067449254136012,0.2700340522133939,0.2866708903481499,0.1818450479153278,0.757094211123723,0.1124735866187908,0.2449489216799092,0.2740616399093584,0.1513635532312578,0.8456299659477866,0.457362974803357,881,0.0399111656593475,0.2110655737704918,0.2219725671305418,0.1506045081967213,0.5450819672131147,0.0705580634655828,0.1936475409836065,0.213873154045832,0.1210860068450573,0.6659836065573771,0.1137650089338762,0.1747950819672131,0.2089016384900445,0.1011597107446159,0.7766393442622951,0.3779117115462627,488,0.0304272826639814,0.2888888888888889,0.3011606137069083,0.2265277777777777,0.6111111111111112,0.0665362445803136,0.2875,0.3004171813840727,0.1922227733686067,0.75,0.1121727588510536,0.2680555555555555,0.2934316514746682,0.1694865689614765,0.8333333333333334,0.4677074854158187,72,0.0364397831470036,0.4149532710280373,0.4170712965137623,0.3243094496365524,0.794392523364486,0.0629278763639864,0.3822429906542056,0.3942583120333358,0.2718862186619196,0.897196261682243,0.1105777782372188,0.346417445482866,0.3687764058281211,0.223620930181119,0.9532710280373832,0.5758284318294156,321,0.1759309228278467,0.6139374375343323,3.43398355679404,0.9348959611705288,0.9542150563585878,0.0177071509648126,0.0376908068193063,0.2971623155505108,0.3070085748304433,0.2229209231933409,0.6572077185017026,0.0664591806495171,0.2793416572077185,0.2946130049815945,0.1863936258700731,0.7593643586833144,0.1152061740034861,0.249205448354143,0.2783428811112185,0.1523749942768579,0.8399545970488081,0.4712984125175362,881,0.0400191950868474,0.2406570841889117,0.2533997043492486,0.1763586584531143,0.5811088295687885,0.0682486418613584,0.224435318275154,0.2427747027177774,0.1444470383407755,0.6796714579055442,0.1184386011860268,0.1981519507186858,0.2322540670189746,0.1175387702057776,0.7597535934291582,0.4101592223825235,487,0.0394174528284837,0.2767123287671232,0.2810101105587346,0.2082191780821917,0.6164383561643836,0.0685235125514392,0.2452054794520548,0.262737923936934,0.1651415162716532,0.7671232876712328,0.1105728908214175,0.2143835616438356,0.2458931608645504,0.129807457105823,0.8082191780821918,0.4303683490830953,73,0.0337656658692674,0.3875389408099689,0.3942528359400276,0.2969055036344756,0.7819314641744548,0.0632748696245731,0.370404984423676,0.380507503793866,0.2548652524353458,0.8785046728971962,0.1113558239548683,0.3345794392523364,0.3556453173757967,0.2103583940777976,0.968847352024922,0.5733628368990482,321,0.1815974096060442,0.6136596202850342,3.459683100655526,0.9333250486533028,0.9528883737939458,0.0194097616345062
node2vec_frac0.5_s42,sparsity,Node2Vec,42,frac0.5,74.77724019999732,72.52986880004755,21.0,26.0,623744,,node2vec,0.5,0.0321542710229546,0.2597048808172531,0.2715834537663323,0.194866628830874,0.6004540295119183,0.0577570444163602,0.2457434733257661,0.2608805279116368,0.1618321285507518,0.7060158910329172,0.0995559189611935,0.2203178206583428,0.247124913909066,0.1324049791044821,0.7866061293984109,0.4385645447062427,881,0.0334919312437812,0.1893442622950819,0.196218405773207,0.1278022540983606,0.5225409836065574,0.0600299048958323,0.180327868852459,0.1925925801744239,0.1051415858920981,0.6536885245901639,0.1001544116746855,0.1628073770491803,0.1895227115022292,0.0882310057921993,0.7397540983606558,0.3451957663227838,488,0.0095295633447543,0.0833333333333333,0.0932400228081795,0.0643055555555555,0.1944444444444444,0.0152623013658366,0.0708333333333333,0.0821675713396914,0.0461932319223985,0.25,0.0316610859492463,0.0541666666666666,0.0712925234858137,0.0325314753490546,0.3055555555555556,0.1718977710479903,72,0.0351953949016681,0.4062305295950156,0.4261593741701708,0.3261059190031152,0.8099688473520249,0.0638332611941027,0.3844236760124611,0.4047803764130075,0.2739535783160616,0.8878504672897196,0.113874808471088,0.3450155763239875,0.3741336580991298,0.2219619611816933,0.9657320872274144,0.6403214654368411,321,0.2355639503507825,0.6757885217666626,3.7085345958117424,0.8212275130683755,0.951644325580569,0.0760499432463109,0.0374685961233667,0.2751418842224745,0.2898410097118934,0.2091903140370791,0.6322360953461975,0.0617293329242242,0.2538024971623155,0.2730492904045427,0.1714716600475478,0.7196367763904654,0.1015493148977079,0.2238933030646992,0.2538835022986893,0.137346748814903,0.7922814982973894,0.4669362460555009,881,0.0403200411948867,0.2151950718685832,0.2271835209514262,0.1523682409308692,0.5646817248459959,0.0652204323172081,0.2006160164271047,0.218139544729708,0.1224936403947844,0.6878850102669405,0.1047044715481169,0.1774127310061601,0.2078355912829001,0.0995272828193608,0.7679671457905544,0.3918817838405921,487,0.0116566494231137,0.0602739726027397,0.0733142130398791,0.0514611872146118,0.1780821917808219,0.0154511635185718,0.0452054794520547,0.0607173186311763,0.0358317025440313,0.1917808219178082,0.0209033659953113,0.0301369863013698,0.0483116852694567,0.0233265795221879,0.2191780821917808,0.1478470159977009,73,0.0390125785510557,0.4149532710280373,0.4341421099717206,0.3312668743509865,0.838006230529595,0.0669571863891137,0.3819314641744548,0.4046420632490915,0.2766243468657798,0.8878504672897196,0.1151025640600936,0.3384735202492212,0.3704943288028117,0.2206537653201902,0.9595015576323987,0.6533693827934446,321,0.2385321100917431,0.6773532629013062,3.8099270720288025,0.8245589442947171,0.9496064607934,0.0880817253121453
popularity_frac0.5_s43,sparsity,Popularity,43,frac0.5,0.0027762000099755,0.0027762000099755,,,0,,popularity,0.5,0.0321838828636112,0.3023836549375709,0.3130068580577207,0.2361899356791525,0.6208853575482406,0.057376030771701,0.2715096481271283,0.2895883402452228,0.1899561034738863,0.7287173666288309,0.0971465468002232,0.2412031782065834,0.2697029453479526,0.1533601052658588,0.811577752553916,0.4734343267353532,881,0.029825300814301,0.2118852459016393,0.2210824626865426,0.1591666666666666,0.4897540983606557,0.0524476598431883,0.1911885245901639,0.2066421105305921,0.1260258460548761,0.625,0.0859052896583588,0.1652663934426229,0.1932930232402006,0.0990387429370796,0.7090163934426229,0.3576478283276582,488,0.0273311466714732,0.3333333333333333,0.3505182582168779,0.2843981481481481,0.5833333333333334,0.0530036412723519,0.3013888888888889,0.3230732183441767,0.234061397707231,0.6805555555555556,0.0939634604569895,0.2736111111111111,0.3013246407513045,0.1913282761054102,0.7916666666666666,0.4979075515533848,72,0.0368579795798022,0.4330218068535825,0.4443410765302302,0.3424714434060228,0.8286604361370716,0.0658491057158359,0.3869158878504672,0.4081766545057059,0.2772532512485783,0.897196261682243,0.1149500225072096,0.3493769470404985,0.378772353196992,0.2274258888047889,0.97196261682243,0.6439693393087392,321,0.0304910955207771,0.6824021339416504,2.624591480330721,0.6182124325419799,0.9934929583159008,0.0,0.0339836586090408,0.2971623155505108,0.3113492462327642,0.2312864169504351,0.6390465380249716,0.0583017228930004,0.2765039727582293,0.2945687073908866,0.1913838253487799,0.7400681044267877,0.1008313912283892,0.2433030646992054,0.2727813655921047,0.1527853635638305,0.8274687854710556,0.4885382373945978,881,0.0327265018421055,0.2336755646817248,0.2432912496225465,0.1787542778918549,0.5236139630390144,0.0531775896148476,0.2117043121149897,0.2289094821687206,0.1424247566354855,0.6447638603696099,0.0935971165239399,0.1867556468172484,0.2156058234766285,0.1137265999248442,0.7433264887063655,0.3852209884885297,487,0.0272969503036367,0.2383561643835616,0.2482049198448282,0.1626940639269406,0.6164383561643836,0.0496679353332612,0.2287671232876712,0.2379837320279497,0.1334502065666449,0.6986301369863014,0.089302496553286,0.2061643835616438,0.2249652772185584,0.108081387240989,0.8082191780821918,0.4315106126749963,73,0.0374115871192961,0.4068535825545172,0.428962268586332,0.3265835929387332,0.8193146417445483,0.0680391665014781,0.3856697819314642,0.4070507817980181,0.2788362260792167,0.8940809968847352,0.1144285908930288,0.3375389408099688,0.3703983857214064,0.2222090650085461,0.9595015576323987,0.658253243069944,321,0.0315704263356718,0.6823490858078003,2.6161017137715152,0.6041864888482777,0.993681198020451,0.0
itemknn_frac0.5_s43,sparsity,ItemKNN,43,frac0.5,1.24221789999865,1.24221789999865,,,0,,itemknn,0.5,0.0363475041380188,0.3087400681044268,0.322996172128968,0.2416572077185017,0.6572077185017026,0.0608092573855601,0.2749148694665153,0.2971998428196094,0.1921063526095686,0.7412031782065834,0.1016154623668471,0.2456299659477865,0.2775465264051737,0.156134191563209,0.8206583427922814,0.4975372916634166,881,0.036666916991855,0.2274590163934426,0.2442788500782046,0.1739890710382513,0.5594262295081968,0.0591361597608169,0.2018442622950819,0.2250410343229051,0.1343243848844941,0.6536885245901639,0.0956532672270022,0.1779713114754098,0.2120820682251558,0.1079280695285464,0.7336065573770492,0.4113411715855665,488,0.0319067251174004,0.3055555555555556,0.3155286561285148,0.2508333333333333,0.5555555555555556,0.0496798174807841,0.2708333333333333,0.2915045927523139,0.2041264329805996,0.6388888888888888,0.0825759821333469,0.2416666666666666,0.2699515985117713,0.1650224240405454,0.7361111111111112,0.4289125597723379,72,0.0368579795798022,0.4330218068535825,0.4443410765302302,0.3424714434060228,0.8286604361370716,0.0658491057158359,0.3869158878504672,0.4081766545057059,0.2772532512485783,0.897196261682243,0.1149500225072096,0.3493769470404985,0.378772353196992,0.2274258888047889,0.97196261682243,0.6439693393087392,321,0.0879654614139233,0.683300256729126,2.9122384466482742,0.7783836457733782,0.9833721185940766,0.0022701475595914,0.0383675577635661,0.3128263337116913,0.3283688776262855,0.2444977298524404,0.6651532349602725,0.0651254750550467,0.2906923950056754,0.3104878523005263,0.2030043045721252,0.7525539160045402,0.1064188937983647,0.2530646992054483,0.2856576397627474,0.161994749591764,0.8308740068104427,0.5093605890208488,881,0.0402773883369434,0.259958932238193,0.2707195266687267,0.1975616016427104,0.5770020533880903,0.0638530124944042,0.2340862422997946,0.2536392164707411,0.1591999255782623,0.6652977412731006,0.1023793692204137,0.2042094455852156,0.2366971737290868,0.1280889630860705,0.7515400410677618,0.4212196071182187,487,0.0298302849906342,0.2520547945205479,0.2706258011626716,0.1966666666666666,0.5753424657534246,0.0608021094759847,0.2506849315068494,0.2651260068266972,0.1617808219178082,0.7123287671232876,0.0981467801281586,0.2075342465753424,0.2396571946348452,0.1234101301326639,0.7945205479452054,0.4426498525389488,73,0.0374115871192961,0.4068535825545172,0.428962268586332,0.3265835929387332,0.8193146417445483,0.0680391665014781,0.3856697819314642,0.4070507817980181,0.2788362260792167,0.8940809968847352,0.1144285908930288,0.3375389408099688,0.3703983857214064,0.2222090650085461,0.9595015576323987,0.658253243069944,321,0.0885051268213707,0.6874516010284424,2.9148443205989145,0.7787214575448274,0.9830027448816012,0.0020431328036322
mf_frac0.5_s43,sparsity,MF-BPR,43,frac0.5,54.49102450002101,49.0600900001009,48.0,68.0,623872,60.83447265625,mf,0.5,0.0366064052648611,0.3044267877412032,0.3167953845863883,0.2326557573464497,0.6617480136208853,0.0642547813652168,0.2754824063564132,0.2956800260273805,0.1893769159196028,0.7559591373439274,0.1124464154795074,0.2477866061293984,0.2794656877085095,0.154604595929322,0.8467650397275823,0.4899044182995363,881,0.0367903439847652,0.2200819672131147,0.2338991317733418,0.1624311247723133,0.5532786885245902,0.0653985438151228,0.2030737704918032,0.2228903999023962,0.1303517585312813,0.6721311475409836,0.1143583560608379,0.1823770491803278,0.2164903055430929,0.1081274697412204,0.7786885245901639,0.3983507859166864,488,0.0288102999258168,0.3333333333333333,0.3257345092634043,0.2581018518518518,0.5972222222222222,0.0500136804381319,0.2986111111111111,0.3051181885498006,0.2185769400352734,0.6527777777777778,0.0961249070164066,0.2645833333333333,0.2855881791222671,0.1753384840052528,0.75,0.4186256451881452,72,0.0380754317106493,0.4261682242990655,0.440813311053745,0.3337071651090343,0.8411214953271028,0.0657102430200329,0.3803738317757009,0.4042214274210818,0.2725603273500469,0.9065420560747663,0.1132006883943172,0.3434579439252336,0.373830694297085,0.220610819101679,0.97196261682243,0.6450765188193213,321,0.124932541824069,0.7037652730941772,2.979540798741791,0.7667468558909283,0.9777503486998108,0.0046538024971622,0.0408049475996712,0.305788876276958,0.3235514536047908,0.2398139740194223,0.6538024971623155,0.0651016095277503,0.2763904653802497,0.3004778066851074,0.1934827621930346,0.7514188422247446,0.1092410352772449,0.250510783200908,0.2831752372260196,0.1583017401197557,0.8399545970488081,0.5054794805527069,881,0.0441986707042482,0.2431211498973306,0.2594883806157892,0.1890748345881816,0.5503080082135524,0.0671076605307507,0.2211498973305954,0.2449293526320802,0.1520444927914127,0.6611909650924025,0.1080551184999753,0.1997946611909651,0.2340162459627964,0.1248705215605214,0.7679671457905544,0.4134872978123338,487,0.031799884241653,0.2684931506849314,0.285697756144505,0.2080821917808219,0.5753424657534246,0.0534617463102797,0.2301369863013698,0.2541360797626398,0.1517221135029354,0.684931506849315,0.096343008762428,0.2068493150684931,0.2380050788781841,0.1193997047155313,0.7808219178082192,0.4619027591810576,73,0.0377040954912798,0.4093457943925234,0.4293521902410669,0.3240083073727933,0.8286604361370716,0.0647052331302866,0.3707165109034268,0.3952910253429404,0.2658471377474493,0.9034267912772586,0.1139734259504907,0.3373831775700934,0.3680283534396698,0.2178682573249127,0.9626168224299064,0.6549539156140527,321,0.142471667566109,0.7062692046165466,3.0065389131923457,0.7655912661376876,0.9756960673031982,0.0094211123723042
two_tower_frac0.5_s43,sparsity,Two-Tower,43,frac0.5,70.87674730000435,68.30324289991404,11.0,31.0,712064,270.80859375,two_tower,0.5,0.0365569048779834,0.292622020431328,0.3012714860270194,0.2233673855467272,0.626560726447219,0.0638526671893159,0.2692395005675369,0.2852669789279627,0.1833719348503684,0.7377979568671964,0.1137558390016256,0.2439841089670828,0.2725778375773388,0.1502234695772311,0.8444948921679909,0.4585491515889617,881,0.0390320923722151,0.2155737704918033,0.2280855874451477,0.1572131147540983,0.5368852459016393,0.0671765632568387,0.1959016393442623,0.2157201413388066,0.1242590424147801,0.6639344262295082,0.1170252991579641,0.1745901639344262,0.2089807418063866,0.0999105347613916,0.7745901639344263,0.3841809663057537,488,0.0297739910773478,0.275,0.2717714259562397,0.1958333333333333,0.625,0.0507217286696686,0.2513888888888889,0.2581007305028559,0.1629552469135802,0.6805555555555556,0.1049180904948251,0.2423611111111111,0.2606651219862261,0.142635275846487,0.7777777777777778,0.4017955424205424,72,0.0343154042439045,0.4137071651090342,0.4191491272514727,0.3301142263759086,0.7632398753894081,0.0617447740194202,0.3847352024922118,0.3970888687414078,0.2778177075606982,0.8629283489096573,0.1107677434757578,0.3498442367601246,0.371933283866388,0.2284136943085187,0.9657320872274144,0.5843371088423315,321,0.1848354020507285,0.6188774704933167,3.5507073177953807,0.9384573286465212,0.9506719477510776,0.0276958002270147,0.0365862334407154,0.300794551645857,0.3156899228228795,0.2315162693908437,0.659477866061294,0.0670992179190129,0.2767309875141884,0.2979044803259823,0.1890451379505011,0.7548240635641317,0.1120141932921218,0.2461975028376844,0.2795176901313723,0.1536646407059017,0.8444948921679909,0.4937571062253469,881,0.0378340720154401,0.2422997946611909,0.2573835406762161,0.1813535249828884,0.5790554414784395,0.070076746245279,0.2209445585215606,0.2440068266992252,0.1458481294069076,0.675564681724846,0.1140748131701748,0.1933264887063655,0.2307971951021898,0.117072045888292,0.7659137577002053,0.4204808039410171,487,0.0397494932796863,0.3041095890410959,0.3061643932254249,0.2321461187214611,0.6301369863013698,0.0670329798878428,0.2630136986301369,0.2798308832601589,0.1827081974342248,0.684931506849315,0.1142854467299239,0.2150684931506849,0.252842754268768,0.1374588604654786,0.8356164383561644,0.4354174540394269,73,0.0339737245493265,0.388785046728972,0.4063147569849957,0.3074766355140187,0.7881619937694704,0.062596972066626,0.3644859813084112,0.3837846357840378,0.2560218975094364,0.8909657320872274,0.1083714413246098,0.3334890965732087,0.3594994701848985,0.2128659355150194,0.9657320872274144,0.6181943455463464,321,0.1824069077172153,0.618994951248169,3.5532278006732447,0.9387873025899623,0.9516370973719336,0.0286038592508512
node2vec_frac0.5_s43,sparsity,Node2Vec,43,frac0.5,68.23604680001154,66.22237390003284,18.0,23.0,623744,,node2vec,0.5,0.0357402343777625,0.2801362088535755,0.2904310471422555,0.2127976415689242,0.6163450624290578,0.0604502946295531,0.2536889897843359,0.2715008661344758,0.1718946473363802,0.7116912599318955,0.0993066171489033,0.222871736662883,0.2527251021981393,0.1385911319101326,0.7911464245175936,0.4510487302729705,881,0.0393092840382903,0.215983606557377,0.2238666197697733,0.1544837204007285,0.5430327868852459,0.0632263235398188,0.1934426229508196,0.210848425286589,0.1223362643478763,0.6577868852459017,0.1004811649977604,0.1648565573770491,0.1982201057424652,0.0972313115945726,0.75,0.3719117706969335,488,0.0082124311258632,0.0805555555555555,0.082069440298605,0.059537037037037,0.1805555555555555,0.014895596592742,0.0680555555555555,0.0734553113389798,0.0415145502645502,0.25,0.0216022772842005,0.0520833333333333,0.0621029822301814,0.0295851899350881,0.2638888888888889,0.1284722222222222,72,0.0364888499534608,0.422429906542056,0.4383608796983742,0.3358255451713395,0.8255451713395638,0.0664479150359105,0.3869158878504673,0.4081291249476984,0.2764798744004351,0.897196261682243,0.1149500225072096,0.3493769470404985,0.3783426439678026,0.225918297443455,0.97196261682243,0.6437102407177058,321,0.2220723151645979,0.6837201714515686,3.720064280710023,0.8184618017900186,0.954513250592805,0.0780930760499432,0.0351915746106621,0.2883087400681045,0.3019820320095808,0.2232491486946651,0.6208853575482406,0.0594758445991746,0.2607264472190692,0.2808448634613715,0.1804442177299725,0.695800227014756,0.0967322888077574,0.2246311010215664,0.2562195319555869,0.1412745666079158,0.7809307604994324,0.4709629491127349,881,0.0372943799870083,0.2402464065708419,0.251783427196237,0.1804911019849418,0.5564681724845996,0.0606809546296842,0.2071868583162217,0.2300809758026803,0.1377127945634105,0.6386036960985626,0.0964024983347363,0.1767967145790554,0.211358307174046,0.1056270791949032,0.7412731006160165,0.4015840521202852,487,0.0048450783051035,0.0575342465753424,0.0642075691219773,0.0402283105022831,0.1643835616438356,0.0104085097303013,0.0575342465753424,0.0618593988849387,0.034193846488367,0.1917808219178082,0.0211171516980192,0.0472602739726027,0.0550291548277218,0.0246764413906256,0.2602739726027397,0.1288021149322519,73,0.0389025653023292,0.4137071651090343,0.4322133601556663,0.3297403946002076,0.822429906542056,0.0688061463454975,0.3881619937694704,0.407660913940693,0.2785329410407292,0.897196261682243,0.1144285908930288,0.3375389408099688,0.3700335942575949,0.2218726647730228,0.9595015576323987,0.6540323065286173,321,0.2379924446842957,0.6803025007247925,3.805880790152549,0.8209153533743555,0.9510238022460128,0.089216799091941
popularity_frac0.5_s44,sparsity,Popularity,44,frac0.5,0.0032309000089298,0.0032309000089298,,,0,,popularity,0.5,0.0331733922174106,0.3026106696935301,0.3120731583908634,0.2320015134317063,0.6345062429057888,0.0579559899831599,0.2717366628830874,0.2892622711059514,0.189198466749545,0.7241770715096482,0.0985755191610689,0.2421679909194097,0.2701712062265982,0.1531594796138389,0.811577752553916,0.4710502672929271,881,0.0303285344992095,0.2163934426229508,0.2228164379007864,0.1597882513661202,0.5040983606557377,0.0534381751627995,0.1913934426229508,0.2067782152970519,0.1258852133749674,0.6229508196721312,0.088143182298358,0.1665983606557376,0.1945377869904094,0.1000776511988441,0.7090163934426229,0.3528530025549039,488,0.0306002795667512,0.3361111111111111,0.3531662883117917,0.2844907407407407,0.5972222222222222,0.0540236356323408,0.3055555555555556,0.326760986308715,0.2368171296296296,0.6666666666666666,0.0962805860345666,0.2763888888888888,0.3047850931698293,0.1938815466284184,0.7916666666666666,0.5036573493681337,72,0.0380754317106493,0.4261682242990655,0.4385484675648533,0.3300103842159917,0.8411214953271028,0.0657062178510567,0.3862928348909657,0.4062476659350604,0.2747695693022796,0.8909657320872274,0.1149500225072096,0.3493769470404985,0.3773889904239423,0.2247231663473832,0.97196261682243,0.6434258289214019,321,0.0304910955207771,0.6628103852272034,2.6400931264881016,0.6188072439287011,0.9934927745478848,0.0,0.0341771876871014,0.2987514188422247,0.3137052170570629,0.2316282002774625,0.6503972758229285,0.0601039600447929,0.2765039727582293,0.2958577289184261,0.1918926829780972,0.7457434733257662,0.1020798465376771,0.2438706015891033,0.2740646414467207,0.1533566042776108,0.8320090805902384,0.4916020467234961,881,0.032885355295437,0.2357289527720739,0.2459110018475077,0.1792630618297969,0.5400410677618069,0.0563894549274976,0.2145790554414784,0.2321843029016151,0.1441716235889747,0.6591375770020534,0.0955201980616485,0.1875770020533881,0.2172017264758833,0.1147256588227289,0.7494866529774127,0.3884986580510608,487,0.0272865708322969,0.2328767123287671,0.2485103311186025,0.1653424657534246,0.6027397260273972,0.0534322876003663,0.2273972602739726,0.2391313838921063,0.1318884540117416,0.7397260273972602,0.091540146123403,0.2075342465753424,0.2282644608991942,0.1096037441681515,0.821917808219178,0.4461987523811604,73,0.0377040954912798,0.4093457943925234,0.4313843743173775,0.326147455867082,0.8286604361370716,0.0672565958097959,0.381619937694704,0.4053592294078599,0.2779377441526974,0.8785046728971962,0.1144285908930288,0.3375389408099688,0.3707489179911668,0.2219149507714363,0.9595015576323987,0.6583490584694978,321,0.0313005936319481,0.6624587178230286,2.632411314398884,0.6046629915763673,0.9936633112668783,0.0
itemknn_frac0.5_s44,sparsity,ItemKNN,44,frac0.5,1.4362633999844547,1.4362633999844547,,,0,,itemknn,0.5,0.0365083931309821,0.3044267877412032,0.3165189589911225,0.2318892672468155,0.6503972758229285,0.0591677552332774,0.2726447219069239,0.2924915004838104,0.1876654894101248,0.7230419977298524,0.1022669854903198,0.2452326901248581,0.2749486553538638,0.1527122008490178,0.8172531214528944,0.4871228902312528,881,0.037628974401453,0.2299180327868852,0.2411810960358236,0.1704530965391621,0.5430327868852459,0.0578647716909196,0.2028688524590164,0.222689621766237,0.1333242310281732,0.6352459016393442,0.09938373828108,0.1827868852459016,0.2142169066481679,0.1091270747024327,0.7397540983606558,0.3905601099709389,488,0.0219269619634415,0.2666666666666666,0.2830940266302646,0.2108333333333333,0.5277777777777778,0.0388484422938806,0.2388888888888888,0.2584302185994288,0.1676394400352733,0.5694444444444444,0.0652637876526452,0.2041666666666666,0.2298617916161469,0.1270736124401038,0.6527777777777778,0.4447533547797996,72,0.0380754317106493,0.4261682242990655,0.4385484675648533,0.3300103842159917,0.8411214953271028,0.0657062178510567,0.3862928348909657,0.4062476659350604,0.2747695693022796,0.8909657320872274,0.1149500225072096,0.3493769470404985,0.3773889904239423,0.2247231663473832,0.97196261682243,0.6434258289214019,321,0.0920129519697787,0.6658243536949158,2.9326127668896573,0.784439763224011,0.9826259591924744,0.0015891032917139,0.038091012601126,0.313961407491487,0.3283785609825829,0.2435017026106697,0.677639046538025,0.0655456621596704,0.2853575482406357,0.3068163751289672,0.2003342999977979,0.7514188422247446,0.10643118426507,0.2506810442678774,0.283437768983693,0.1597006049202346,0.8195232690124858,0.505564371099156,881,0.0394995805676683,0.2632443531827515,0.2740972103319179,0.2007015742642026,0.5913757700205339,0.0665765290594051,0.2342915811088295,0.2554318659043115,0.1605712705836764,0.6817248459958932,0.1035654004832849,0.2023613963039014,0.2364792609792291,0.1272917612619375,0.7371663244353183,0.4238148750058242,487,0.0303955029100924,0.2328767123287671,0.237558721070319,0.1656164383561643,0.589041095890411,0.0511450884355456,0.2027397260273972,0.2162958240177725,0.1243601869971733,0.6575342465753424,0.0903828167877354,0.1910958904109589,0.212779064418964,0.1023348767470149,0.7534246575342466,0.3791002608467301,73,0.0377040954912798,0.4093457943925234,0.4313843743173775,0.326147455867082,0.8286604361370716,0.0672565958097959,0.381619937694704,0.4053592294078599,0.2779377441526974,0.8785046728971962,0.1144285908930288,0.3375389408099688,0.3707489179911668,0.2219149507714363,0.9595015576323987,0.6583490584694978,321,0.0979492714516999,0.663537859916687,2.9562370753475524,0.7920151757528444,0.9812597052483534,0.0024971623155505
mf_frac0.5_s44,sparsity,MF-BPR,44,frac0.5,57.18309509998653,50.54439739976078,59.0,79.0,623872,60.84033203125,mf,0.5,0.0355781652475106,0.2887627695800227,0.2938906106434267,0.210392546348846,0.6515323496027242,0.0645940239671581,0.2691259931895573,0.2820057002241555,0.1756724974325712,0.7559591373439274,0.1079283317661113,0.2429057888762769,0.2689455604712026,0.1475627199900922,0.8297389330306469,0.4498404956269735,881,0.0378696290128231,0.219672131147541,0.2310290293626812,0.1583862704918033,0.5471311475409836,0.0678089972903188,0.2004098360655737,0.2203849851926643,0.1275614957390059,0.6700819672131147,0.106691988586139,0.1715163934426229,0.2074830420339364,0.1026628354262557,0.75,0.3888899923919179,488,0.0245505493532761,0.2888888888888889,0.2958247888256555,0.2229629629629629,0.5694444444444444,0.0489544762117412,0.2666666666666666,0.2791790059661962,0.1835477292768959,0.6666666666666666,0.0915161738565211,0.2513888888888889,0.26993244179869,0.1574511224724341,0.7638888888888888,0.4381894340227673,72,0.034568053181817,0.3937694704049844,0.3890220462692317,0.2866355140186916,0.8286604361370716,0.0632143992216366,0.3741433021806853,0.3763185691398587,0.2470468031449339,0.9065420560747663,0.1134891132032359,0.3495327102803738,0.362162549698015,0.2136037750942157,0.9657320872274144,0.5451137729298083,321,0.1635186184565569,0.6727739572525024,3.1116284572508537,0.7910532745486644,0.9686424382830432,0.0111237230419977,0.0393531450051048,0.3062429057888763,0.3132389239936099,0.2285868331441543,0.6878547105561862,0.0649221361248382,0.2733257661748013,0.2916606989703239,0.1855370408978321,0.7673098751418842,0.110990450239423,0.2496027241770715,0.2781543858942228,0.1542863124590183,0.8433598183881952,0.4685694659846693,881,0.0427127039887357,0.2521560574948664,0.2625189914994821,0.1870739219712525,0.6078028747433265,0.0682676502211481,0.2234086242299794,0.2453258343923463,0.1506936664695538,0.6858316221765913,0.1113533823139981,0.1972279260780287,0.2324381961407571,0.1215746649110912,0.7659137577002053,0.4094708826892666,487,0.0302019557607008,0.2794520547945205,0.2863169700087516,0.2150684931506849,0.6027397260273972,0.0572599141435854,0.2342465753424657,0.2562411384926895,0.1616052402696238,0.726027397260274,0.0993688629090455,0.2075342465753424,0.239073418455106,0.1246725078275265,0.7945205479452054,0.4446126172153569,73,0.0363373555652707,0.394392523364486,0.3963102939797001,0.2946417445482866,0.8286604361370716,0.0615890421676063,0.3579439252336449,0.3700118110087738,0.2438415418088315,0.9003115264797508,0.1130827491640319,0.3386292834890965,0.3563995417602457,0.2106488672687982,0.97196261682243,0.5636780641934572,321,0.1732325957906098,0.6747453212738037,3.1276606933576288,0.7889098529811829,0.9669755398644896,0.014188422247446
two_tower_frac0.5_s44,sparsity,Two-Tower,44,frac0.5,64.39615149999736,61.60896469998988,12.0,32.0,712064,270.80859375,two_tower,0.5,0.0383791461542996,0.2896708286038593,0.2972863202926326,0.2197606886114264,0.626560726447219,0.0651609321137674,0.2691259931895573,0.2845069992581269,0.1832995814040082,0.7343927355278093,0.1111825571867675,0.2431895573212258,0.2715636378389347,0.1510279478261767,0.8172531214528944,0.4482139832084308,881,0.043199075587097,0.2131147540983607,0.2250517232426831,0.1555925546448087,0.5368852459016393,0.0710853483328671,0.1977459016393442,0.2172482662943938,0.1268635072426056,0.6516393442622951,0.1165141497235384,0.176639344262295,0.2114796535234349,0.10459428871942,0.7397540983606558,0.3748024092005655,488,0.0218793011670663,0.2277777777777777,0.2237459268541535,0.1551851851851852,0.5277777777777778,0.0399746517558594,0.2291666666666666,0.2261919231749362,0.1390029761904762,0.6666666666666666,0.0789567661498228,0.2236111111111111,0.2290763533258131,0.1239207701091462,0.7361111111111112,0.3391530922780922,72,0.0347525519981489,0.4199376947040499,0.423595951719255,0.3317964693665628,0.7850467289719626,0.0618036021164114,0.3866043613707165,0.39983705272944,0.2790321663452504,0.8753894080996885,0.1103054225970971,0.3487538940809968,0.3724361264087435,0.2276987965480566,0.9532710280373832,0.5842801273293735,321,0.1929303831624393,0.6039215922355652,3.531967517739559,0.943090408437197,0.9472136174550212,0.0212258796821793,0.0384508029979219,0.2885357548240636,0.3005201193393081,0.2214560474208601,0.641316685584563,0.0673388186456681,0.2691259931895573,0.2874599111772525,0.1818337572343437,0.7604994324631101,0.1117886723611103,0.2416004540295118,0.2727105554614412,0.1500492814546818,0.8331441543700341,0.4631070315084047,881,0.0413054336866337,0.2238193018480493,0.2376892823089578,0.167165183664157,0.5544147843942505,0.0699672747156685,0.2094455852156057,0.2304651491878634,0.1365790400501215,0.675564681724846,0.1118410518637424,0.1876796714579055,0.2226729359965016,0.1137654514151175,0.7535934291581109,0.3878468251925032,487,0.0351116348564992,0.2712328767123288,0.2730248201842685,0.1971689497716895,0.6164383561643836,0.063438413635667,0.2328767123287671,0.2494659618452274,0.151544901065449,0.6986301369863014,0.1197372899294973,0.2102739726027397,0.2419190042408823,0.1253670570852238,0.821917808219178,0.4162141433193004,73,0.034879320533502,0.3906542056074766,0.4020957407477146,0.3093457943925233,0.778816199376947,0.0642381066819294,0.3679127725856698,0.3825689684671913,0.257379345299906,0.9034267912772586,0.1099015760985743,0.3305295950155763,0.3556267670456354,0.2107098035987261,0.956386292834891,0.5879509608344132,321,0.2012951969778737,0.6027106642723083,3.559652804531728,0.9420158339179402,0.945620961314995,0.0270147559591373
node2vec_frac0.5_s44,sparsity,Node2Vec,44,frac0.5,61.774636499991175,59.88431110000238,17.0,22.0,623744,,node2vec,0.5,0.0312174220022043,0.2701475595913734,0.2784364986505413,0.2022285281876655,0.6106696935300795,0.0559036505111517,0.2418842224744608,0.2586819947900047,0.1618286415020037,0.699205448354143,0.0966301275738945,0.2194097616345062,0.2450817231846141,0.1324934303032542,0.7707150964812712,0.4369658348874287,881,0.031396451825313,0.1938524590163934,0.2001155623911837,0.1322062841530054,0.5348360655737705,0.0561037263387093,0.1725409836065574,0.1885327365101894,0.102723275273224,0.6454918032786885,0.0958101140053496,0.1579918032786885,0.184633851281453,0.0856631873869498,0.7192622950819673,0.3485707372977871,488,0.0048565117787881,0.0611111111111111,0.0653032244908518,0.0450925925925925,0.1527777777777778,0.0076950330574161,0.0555555555555555,0.0600958362509805,0.0365525793650793,0.1805555555555555,0.012043152091205,0.0423611111111111,0.0493747574228173,0.024678069146029,0.2222222222222222,0.1148415242165242,72,0.0368579795798022,0.4330218068535825,0.4453094352052583,0.3439252336448598,0.8286604361370716,0.0664126332302197,0.3890965732087227,0.4098690398222775,0.2797828321359696,0.897196261682243,0.1168495321103542,0.3524922118380063,0.3808744428842774,0.2278699553701598,0.97196261682243,0.6436005949872736,321,0.2371829465731246,0.6498132944107056,3.8261051282474505,0.823711287049442,0.950736327812738,0.0885357548240636,0.0352799447198951,0.2778660612939841,0.2966099660235411,0.2171263715474839,0.6208853575482406,0.0577797914201847,0.2507377979568672,0.2742645576978658,0.1741501135073779,0.7014755959137344,0.099435735235402,0.2249148694665153,0.2570800177801827,0.141097465652331,0.7832009080590239,0.4773203477335778,881,0.0382033829445458,0.2271047227926078,0.2460985236144817,0.172296372347707,0.5626283367556468,0.0592796965467048,0.2030800821355236,0.2276043195111937,0.1335861906934802,0.6673511293634496,0.1007660443090008,0.1783367556468172,0.2149213478234433,0.1071097340566113,0.75564681724846,0.4162876498030914,487,0.0064036210813664,0.0493150684931506,0.0570707713582745,0.0385388127853881,0.136986301369863,0.011089883575848,0.036986301369863,0.0461755929644155,0.024367616148438,0.1506849315068493,0.0183340673448828,0.0328767123287671,0.0409947330237949,0.0171400613698315,0.1917808219178082,0.1145877834414244,73,0.0374115871192961,0.4068535825545172,0.427717236004153,0.3257528556593977,0.8193146417445483,0.0661221885417465,0.3716510903426792,0.3969250886089286,0.2697537045278478,0.8785046728971962,0.1158611596502471,0.3392523364485981,0.3701812578304893,0.2208510974272154,0.9595015576323987,0.6524057093705686,321,0.2361036157582298,0.6514399647712708,3.821566194640896,0.8241273980811156,0.9514538194038198,0.0886492622020431
popularity_frac0.2_s42,sparsity,Popularity,42,frac0.2,0.0016382999892812,0.0016382999892812,,,0,,popularity,0.2,0.0320140181408545,0.2960272417707151,0.3079390863417008,0.2309118426031025,0.6208853575482406,0.0567154117150042,0.269466515323496,0.2872020202247311,0.1865240896459479,0.7253121452894438,0.0962751728052869,0.2410896708286038,0.2685494883420244,0.1522378532894052,0.8081725312145289,0.471871059065371,881,0.0299714477474562,0.2094262295081967,0.2180662695789081,0.1563183060109289,0.4938524590163934,0.0518043805611252,0.1918032786885246,0.2060977055351333,0.1255955904675167,0.6209016393442623,0.0840706494102597,0.1646516393442622,0.1918192776241076,0.0986967956622269,0.7028688524590164,0.3553514782769211,488,0.0259078145315736,0.3194444444444444,0.3399305036671834,0.2752314814814815,0.5694444444444444,0.0530308253388556,0.2986111111111111,0.3187472626465133,0.2253841490299823,0.7083333333333334,0.0957360153393989,0.2763888888888888,0.3015474832844556,0.1899800104772638,0.7916666666666666,0.4981679393137727,72,0.0364888499534608,0.422429906542056,0.437392521023346,0.3343717549325026,0.8255451713395638,0.0650078522825294,0.3809968847352025,0.4034252230725673,0.2704343180678294,0.8878504672897196,0.1149500225072096,0.3493769470404985,0.3777971120008664,0.2251680738642875,0.97196261682243,0.6431114953484821,321,0.0307609282245008,0.6865196228027344,3.9392696423993625,0.6217765243259077,0.9934604313770412,0.0,0.0337648085011651,0.2948921679909195,0.3091997151069956,0.2290314037079076,0.6333711691259932,0.0573517822934791,0.2726447219069239,0.2908598854960908,0.1867995223481413,0.738933030646992,0.0997902062543263,0.2421679909194097,0.2709496341501355,0.1511365126898797,0.8263337116912599,0.4883693282544327,881,0.0313319880608166,0.2262833675564682,0.237028715460718,0.1722861054072553,0.5133470225872689,0.0530284269215603,0.2131416837782341,0.2281908878003457,0.1412368675510359,0.648870636550308,0.0915390920824266,0.1848049281314168,0.2128355751733495,0.1120569587872485,0.7392197125256673,0.3849128418432651,487,0.027402666326864,0.2301369863013698,0.2442715138499328,0.1610958904109589,0.6027397260273972,0.0526303435700083,0.226027397260274,0.2364338089423222,0.1301974463047522,0.726027397260274,0.0904665231405133,0.2054794520547945,0.225154866883296,0.1069969036283058,0.821917808219178,0.4351306348061936,73,0.0389025653023292,0.4137071651090343,0.4334583927378454,0.3305711318795431,0.822429906542056,0.0649846143587059,0.3735202492211838,0.3983144196588729,0.2687962962962962,0.8785046728971962,0.1144285908930288,0.3375389408099688,0.369530832692734,0.2204634105468152,0.9595015576323987,0.6574339186094488,321,0.0315704263356718,0.686615526676178,3.931521906437052,0.6082173477656032,0.9936406465448856,0.0
itemknn_frac0.2_s42,sparsity,ItemKNN,42,frac0.2,1.1042163999809418,1.1042163999809418,,,0,,itemknn,0.2,0.032769985365468,0.2880817253121453,0.2998947257580741,0.2205366376592256,0.6288308740068105,0.0553179570979736,0.2599318955732123,0.2784344366094128,0.1767509345984158,0.7241770715096482,0.0964748701606178,0.2346765039727582,0.262356089248618,0.1448320617665045,0.8240635641316686,0.4678765476220697,881,0.0310854107796994,0.2016393442622951,0.2097256855767278,0.1450261839708561,0.5061475409836066,0.0501801494845872,0.1811475409836065,0.1964832549816063,0.1148148064249986,0.625,0.0859606490568213,0.1596311475409836,0.1867445977772345,0.0919056521759633,0.7336065573770492,0.3514382799735918,488,0.0276077196030979,0.2750000000000001,0.2980294386517504,0.2248148148148148,0.5833333333333334,0.0469400926686704,0.2541666666666666,0.2766307446607597,0.1788684964726631,0.6666666666666666,0.0853695367633503,0.2319444444444444,0.2601594161175534,0.1453907839442238,0.7777777777777778,0.4758134419592753,72,0.0364888499534608,0.422429906542056,0.437392521023346,0.3343717549325026,0.8255451713395638,0.0650078522825294,0.3809968847352025,0.4034252230725673,0.2704343180678294,0.8878504672897196,0.1149500225072096,0.3493769470404985,0.3777971120008664,0.2251680738642875,0.97196261682243,0.6431114953484821,321,0.1082029141932002,0.6982914209365845,4.271546272760625,0.7908926489870947,0.9800780156484592,0.0023836549375709,0.0337237005777861,0.2889897843359819,0.3017163429384139,0.219188422247446,0.641316685584563,0.0585117129023274,0.2609534619750283,0.2801149090942179,0.175465226354131,0.7332576617480137,0.0979327379488118,0.2374574347332576,0.2644587730995542,0.1439032095705442,0.811577752553916,0.4783086535042604,881,0.0323661229323969,0.2213552361396303,0.2294325604803687,0.1579500342231348,0.5441478439425051,0.0579388959657498,0.2010266940451745,0.2167658996349683,0.1252231497778212,0.6570841889117043,0.0917465932693835,0.1829568788501026,0.2080864957687713,0.1029665530765797,0.728952772073922,0.3776048989383615,487,0.0200076010808847,0.1917808219178082,0.2046342069308871,0.137945205479452,0.4931506849315068,0.0338700756504888,0.1657534246575342,0.1829768914969617,0.1002408132202652,0.6027397260273972,0.0666653908774136,0.160958904109589,0.1785021694102469,0.0803460479154448,0.7123287671232876,0.3624664394607988,73,0.0389025653023292,0.4137071651090343,0.4334583927378454,0.3305711318795431,0.822429906542056,0.0649846143587059,0.3735202492211838,0.3983144196588729,0.2687962962962962,0.8785046728971962,0.1144285908930288,0.3375389408099688,0.369530832692734,0.2204634105468152,0.9595015576323987,0.6574339186094488,321,0.1041554236373448,0.6991209387779236,4.2590818224621225,0.7907103304858947,0.9805238368556556,0.0030646992054483
mf_frac0.2_s42,sparsity,MF-BPR,42,frac0.2,17.940510500018718,13.314767999981996,37.0,57.0,623872,55.94384765625,mf,0.2,0.0281443650081381,0.2687854710556186,0.2827629556195747,0.2050529701097238,0.6038592508513053,0.0511018142097689,0.2507377979568672,0.2670800584474018,0.1667260978886026,0.713961407491487,0.0931843351552457,0.2306469920544835,0.2545104930484817,0.1389180669061217,0.8081725312145289,0.4560526177284593,881,0.0267833060445772,0.1979508196721311,0.2057763327989322,0.1446892076502732,0.4774590163934426,0.0476734639891458,0.1737704918032787,0.1896520873354312,0.1096797297394975,0.610655737704918,0.0824445813580251,0.1545081967213115,0.1801241603012325,0.0882012028094942,0.7131147540983607,0.3440614095917222,488,0.0242298648569885,0.2861111111111111,0.2866126571128292,0.2174999999999999,0.5694444444444444,0.0395111368004619,0.2555555555555555,0.2653941828790076,0.1759964726631393,0.6666666666666666,0.0760910957731672,0.2312499999999999,0.2485208751483892,0.142196245042063,0.75,0.4056447410614077,72,0.0310915325629682,0.3725856697819314,0.3989383245571425,0.2940290758047768,0.8037383177570093,0.0589135390731151,0.3666666666666666,0.3851680115426232,0.2513714582406171,0.881619937694704,0.1133454351195863,0.3462616822429907,0.3689397231714234,0.2152850477577308,0.9657320872274144,0.6376136043040213,321,0.0528872099298435,0.7148942947387695,4.066719558707343,0.7287431243087805,0.9900185789464336,0.0007945516458569,0.028036054534185,0.2755959137343927,0.2878399497474683,0.2072985244040863,0.619750283768445,0.0516225161408154,0.2516458569807037,0.2684572813135034,0.1666400893816979,0.720771850170261,0.0938356437297408,0.2328603859250851,0.2564032530141987,0.1389671502265915,0.8138479001135074,0.4668547189795999,881,0.0227779358292484,0.2049281314168378,0.2104249389818044,0.1477618069815195,0.4825462012320328,0.0467968531966756,0.1909650924024641,0.2021465858481497,0.1193541566752185,0.6119096509240246,0.0846757930187493,0.1725872689938398,0.1939643160406091,0.0963338359299651,0.7268993839835729,0.35226941399693,487,0.0212278496521206,0.1972602739726027,0.2085676129257825,0.1400913242009132,0.5342465753424658,0.0391494983214093,0.1904109589041095,0.1997235248039154,0.1091150250054359,0.6438356164383562,0.0707662477997462,0.176027397260274,0.1909091697077272,0.0881063088715091,0.7534246575342466,0.3700198203622861,73,0.0375616083213965,0.4006230529595015,0.4233165566971922,0.3129075804776739,0.8473520249221184,0.061780236248643,0.3576323987538941,0.3846905302755819,0.2514612075359739,0.9034267912772586,0.1129786755027702,0.3372274143302181,0.3660257775858826,0.2152140831903861,0.9595015576323987,0.6627176196824789,321,0.0588235294117647,0.7162089347839355,4.066120617017458,0.723873645940706,0.9901599578068636,0.00261066969353
two_tower_frac0.2_s42,sparsity,Two-Tower,42,frac0.2,20.66865460001281,18.61126640002476,4.0,24.0,712064,264.87548828125,two_tower,0.2,0.0367533711624432,0.2948921679909195,0.3050711431449944,0.2276138226762517,0.6254256526674233,0.0619123299672358,0.2679909194097616,0.2866730987720387,0.1868160792609809,0.7321225879682179,0.1060654200540897,0.2406356413166855,0.27089930081642,0.1525332421627795,0.8183881952326901,0.4633531167813119,881,0.0398095963124169,0.2188524590163934,0.2308918504089104,0.1601662112932604,0.5430327868852459,0.0641874705119701,0.1926229508196721,0.2148576694246886,0.1268847692955445,0.6516393442622951,0.1067601982370552,0.1719262295081967,0.2072376784540532,0.1039224800380758,0.7418032786885246,0.3839496966970416,488,0.0262084140200341,0.3166666666666666,0.3201813144800202,0.2576388888888889,0.5555555555555556,0.0495518280024899,0.2902777777777777,0.300722777634782,0.2143479938271605,0.6666666666666666,0.0936307322133332,0.2548611111111111,0.2784065689173531,0.1692939898348359,0.75,0.4337155321530321,72,0.0344723712903756,0.405607476635514,0.4144529578462006,0.3234164070612668,0.7663551401869159,0.0612259983648412,0.3775700934579439,0.3926991194679555,0.2717512238540276,0.8691588785046729,0.107798272924019,0.3419003115264797,0.3659969594132046,0.222674295385419,0.9501557632398754,0.5907137868572,321,0.0874257960064759,0.6376892924308777,4.390035589503295,0.9020250055381734,0.979316971037548,0.0048808172531215,0.0344386132034745,0.2878547105561861,0.2990053811398775,0.2186227771471812,0.6424517593643587,0.0567196898189078,0.2614074914869466,0.2797495012829992,0.1771488006225317,0.7377979568671964,0.0973785796325397,0.2379682179341657,0.2647622496265178,0.1460020943652515,0.8183881952326901,0.4682597900666922,881,0.0352503075697503,0.2275154004106776,0.2426161854301144,0.1710403832991102,0.5503080082135524,0.0549050552512035,0.2047227926078028,0.2265244652843434,0.1370803552997744,0.6386036960985626,0.0925369597426888,0.1816221765913757,0.2134986919386699,0.1100412450710472,0.728952772073922,0.4030969582702406,487,0.0275204264903638,0.2383561643835616,0.2409164360579521,0.1725570776255707,0.5753424657534246,0.0509924202344206,0.2301369863013698,0.2348800860556741,0.1397791186489816,0.726027397260274,0.0919017218921442,0.2184931506849315,0.2303585795895288,0.1177979954244418,0.8082191780821918,0.3873546600681975,73,0.0347804589158756,0.3906542056074766,0.3977656032633518,0.3012876427829699,0.7975077881619937,0.0607751967165387,0.3545171339563863,0.3707029587376412,0.2464364007977715,0.8909657320872274,0.1059694815060794,0.3278816199376947,0.3503598212984248,0.2069735362000073,0.956386292834891,0.5855195208291908,321,0.0898542903399892,0.6422131657600403,4.375969563997409,0.9005540208395082,0.9793244442702052,0.0030646992054483
node2vec_frac0.2_s42,sparsity,Node2Vec,42,frac0.2,54.69021599998814,52.60189040005207,20.0,25.0,623744,,node2vec,0.2,0.0295639062768293,0.2524404086265607,0.260928425614459,0.1903471433976541,0.5732122587968218,0.0503678035768016,0.2312145289443814,0.2454067632580387,0.1535018280865127,0.6719636776390465,0.0882278175415043,0.2032917139614075,0.2286315282446591,0.1218135515724127,0.7604994324631101,0.4153859081082138,881,0.0285979062094869,0.1655737704918032,0.1763672673163775,0.1163439207650273,0.4672131147540984,0.0456555506065243,0.1495901639344262,0.1650891135295701,0.0890535958235753,0.5758196721311475,0.0828415134039483,0.1336065573770491,0.1601358777118475,0.071231398799086,0.6905737704918032,0.3214562292138518,488,0.0139696544189035,0.1305555555555555,0.1345717493706272,0.0994907407407407,0.3055555555555556,0.0186734518591313,0.0916666666666666,0.1061941748990243,0.0666435185185185,0.3333333333333333,0.0270553183709099,0.0798611111111111,0.094801505215939,0.0533629871453175,0.3611111111111111,0.2058964183964183,72,0.0345302432445356,0.4118380062305296,0.4178241450506574,0.3232294911734164,0.794392523364486,0.0646406159542709,0.3866043613707165,0.3987348611687604,0.2709614406510268,0.8940809968847352,0.1101372766050872,0.3369158878504673,0.3627799367121977,0.21406442756037,0.956386292834891,0.6051707260511983,321,0.2819751753912574,0.6823908686637878,5.127549906585048,0.8256996067003096,0.9367485802389351,0.0971623155505108,0.0295312265405996,0.2635641316685584,0.2708990056810647,0.1966187413292975,0.5970488081725313,0.0516673536101762,0.2376844494892168,0.2526487187918984,0.1576140511066326,0.6855845629965948,0.0888575039071377,0.2117480136208853,0.2362750171721013,0.1261491981486526,0.7661748013620885,0.4270760202039478,881,0.0253940231154573,0.1880903490759753,0.195224940439134,0.128694957791467,0.5092402464065708,0.0469112956601214,0.1731006160164271,0.1859699814557501,0.1017218640821603,0.6098562628336756,0.082340034062759,0.1551334702258726,0.1778801444538349,0.0815979857997593,0.704312114989733,0.3447729102082857,487,0.0131282765364044,0.0712328767123287,0.0814309372051149,0.0545662100456621,0.2054794520547945,0.020470801940102,0.0712328767123287,0.0807005560477384,0.0467246502862941,0.2602739726027397,0.0313525852268372,0.0636986301369863,0.0774522489351762,0.0377365112853259,0.3150684931506849,0.1526132599158385,73,0.0395381842301652,0.4218068535825545,0.4287944535675584,0.3319730010384216,0.8193146417445483,0.0659774735279085,0.3735202492211838,0.3929127716362218,0.267627824753993,0.897196261682243,0.1118228212836935,0.3313084112149532,0.3609864349138187,0.2138456671671383,0.9626168224299064,0.6143576278952859,321,0.2763086886130599,0.688493549823761,5.091225780726696,0.8258876501869103,0.939662283391108,0.0906923950056753
popularity_frac0.2_s43,sparsity,Popularity,43,frac0.2,0.0018179999897256,0.0018179999897256,,,0,,popularity,0.2,0.0313908787376537,0.2969353007945516,0.3106911565663643,0.2361331819901627,0.6163450624290578,0.057445488170886,0.2709421112372304,0.2894907739886806,0.1895268098621295,0.7309875141884222,0.0974101585029198,0.2405788876276957,0.2693246150033694,0.1523514619146466,0.8149829738933031,0.4762549274323029,881,0.0299480074049036,0.2114754098360655,0.2224242845003382,0.1608265027322404,0.4897540983606557,0.0523784883725883,0.1893442622950819,0.2063364986253756,0.1255621919001359,0.625,0.0864584257575394,0.1646516393442622,0.1933718047357506,0.0984415940202081,0.7151639344262295,0.3633236988111563,488,0.0273642254280413,0.3333333333333333,0.3541933584765844,0.2906944444444444,0.5972222222222222,0.054322358582558,0.3069444444444444,0.3288269362431587,0.2367283950617283,0.7083333333333334,0.0934400089802621,0.2701388888888889,0.3010960823650229,0.1904601580969955,0.7916666666666666,0.5060698489700682,72,0.0344875773316541,0.4186915887850467,0.4351212968488719,0.3383800623052959,0.8130841121495327,0.0658491057158359,0.3869158878504672,0.4070829319169375,0.2761816990555308,0.897196261682243,0.1149500225072096,0.3493769470404985,0.377665505223179,0.2257601516571913,0.97196261682243,0.6412510807544227,321,0.0310307609282245,0.6887510418891907,3.9269217616427534,0.6187524944521805,0.9935057608210264,0.0,0.0346016103322276,0.300794551645857,0.3136397558144798,0.2338819523269013,0.6458569807037458,0.059876220763083,0.2775255391600454,0.2957135420620486,0.1924888131672562,0.7457434733257662,0.0997307251143095,0.2421112372304199,0.2720277037482132,0.1529214674981559,0.8240635641316686,0.4871611629535182,881,0.033580175868092,0.2361396303901438,0.2454034937501333,0.1794934976043805,0.5379876796714579,0.0559391800698106,0.213347022587269,0.2309126051986356,0.1435856678400312,0.6550308008213552,0.0916857308622331,0.1850102669404517,0.2144632641506807,0.1135991990409934,0.7371663244353183,0.3868386096815986,487,0.0259756253111955,0.2301369863013698,0.2412192069993624,0.1567123287671232,0.5753424657534246,0.0502465390589569,0.2301369863013698,0.2374783757253629,0.1322962721364547,0.6986301369863014,0.0887704139607795,0.2034246575342465,0.2227505508425129,0.1072427912380081,0.8082191780821918,0.4274771271346614,73,0.0381129358480199,0.4149532710280374,0.4336327766519885,0.3339460020768432,0.8255451713395638,0.0680391665014781,0.3856697819314642,0.4072687551307719,0.2803700819199261,0.8940809968847352,0.1144285908930288,0.3375389408099688,0.3705670004650807,0.2229666017836043,0.9595015576323987,0.6529369201441768,321,0.0310307609282245,0.6892010569572449,3.918170535020636,0.6043581769919828,0.9936983497019588,0.0
itemknn_frac0.2_s43,sparsity,ItemKNN,43,frac0.2,1.053857999999309,1.053857999999309,,,0,,itemknn,0.2,0.0294408056219475,0.2867196367763905,0.3009419776045641,0.2245289443813848,0.6152099886492622,0.0528744484104991,0.2612939841089671,0.2797703345991534,0.1789174108706836,0.717366628830874,0.0928334954565976,0.2320090805902383,0.2599470081908864,0.1431978160355216,0.8070374574347332,0.4743874218162864,881,0.026424549048842,0.2024590163934426,0.2154894626723006,0.1510860655737705,0.4918032786885246,0.0459977119782559,0.1823770491803278,0.1995779593250765,0.1164212709977737,0.6065573770491803,0.0799469695166727,0.1586065573770491,0.1862893677360173,0.0910585017034841,0.6987704918032787,0.371387213317059,488,0.0273841318561099,0.2694444444444444,0.281904002736812,0.2147222222222222,0.5694444444444444,0.0416380926316322,0.2361111111111111,0.2556944373038867,0.1688657407407407,0.6666666666666666,0.0815726548376664,0.20625,0.2343538275604735,0.1284960890838323,0.8055555555555556,0.4285661333229702,72,0.0344875773316541,0.4186915887850467,0.4351212968488719,0.3383800623052959,0.8130841121495327,0.0658491057158359,0.3869158878504672,0.4070829319169375,0.2761816990555308,0.897196261682243,0.1149500225072096,0.3493769470404985,0.377665505223179,0.2257601516571913,0.97196261682243,0.6412510807544227,321,0.1041554236373448,0.6977829337120056,4.282269824775088,0.7905416964994343,0.9797801276942688,0.0043132803632236,0.0312591678539296,0.294211123723042,0.3070477275881778,0.2258815739689746,0.6435868331441543,0.0548962727657449,0.2724177071509648,0.2890988748480923,0.1855643839071762,0.7298524404086265,0.0941539448743618,0.2375709421112372,0.2654514137853103,0.1467579989632904,0.8047673098751419,0.4834670445927443,881,0.0277681509208757,0.2271047227926078,0.2366369583105779,0.1671629021218343,0.5359342915811088,0.0484848584351696,0.2100616016427104,0.2241202520288789,0.134106531729735,0.6365503080082136,0.0841521977087364,0.1826488706365502,0.208112246005851,0.1058555481141859,0.7186858316221766,0.3876871040694697,487,0.0244107530634397,0.210958904109589,0.2201469589403407,0.1424200913242009,0.5616438356164384,0.0398755863249197,0.1904109589041095,0.2029626795359937,0.111966369500616,0.6301369863013698,0.0717250338835052,0.1643835616438356,0.1857537615166849,0.0845187120892235,0.6986301369863014,0.3772341813437704,73,0.0381129358480199,0.4149532710280374,0.4336327766519885,0.3339460020768432,0.8255451713395638,0.0680391665014781,0.3856697819314642,0.4072687551307719,0.2803700819199261,0.8940809968847352,0.1144285908930288,0.3375389408099688,0.3705670004650807,0.2229666017836043,0.9595015576323987,0.6529369201441768,321,0.1036157582298974,0.7005203366279602,4.276361686421711,0.7890432882078104,0.980096576218091,0.0047673098751418
mf_frac0.2_s43,sparsity,MF-BPR,43,frac0.2,19.11135469999863,14.541052499815123,35.0,55.0,623872,55.94970703125,mf,0.2,0.0320439696644776,0.2862656072644722,0.2974685932275333,0.2163198385672846,0.6299659477866061,0.0543300541899733,0.2615209988649262,0.2778444543876415,0.1769212637655222,0.7219069239500567,0.0936134486779357,0.2341089670828604,0.2601136759919871,0.1441187784097992,0.8070374574347332,0.4682427525523343,881,0.030059697441133,0.2024590163934426,0.2099196188235501,0.1456853369763205,0.5020491803278688,0.0477796752862687,0.1801229508196721,0.1942519762463997,0.114175315599069,0.6086065573770492,0.0819867610594123,0.1570696721311475,0.1825804358136581,0.089716532829691,0.7090163934426229,0.3537649206591595,488,0.025759280191004,0.3138888888888889,0.3228487975427384,0.254537037037037,0.5694444444444444,0.0473703526979149,0.288888888888889,0.302174895207717,0.2124939373897707,0.6944444444444444,0.0822115542267924,0.2604166666666667,0.2805386460343148,0.1739727298102152,0.7638888888888888,0.4595748636802558,72,0.0364702079419926,0.4074766355140187,0.4248720972725457,0.3151298026998961,0.838006230529595,0.0658493171570639,0.3791277258566978,0.399468559041475,0.2643318251495821,0.9003115264797508,0.1138463457443585,0.3453271028037383,0.3734022222972112,0.2201275364853843,0.9657320872274144,0.6442217867039198,321,0.0531570426335671,0.7212502360343933,4.042993791612149,0.7157133453409201,0.9905546915055684,0.0015891032917139,0.0311182508647497,0.2821793416572077,0.2944294485387197,0.2127374195989406,0.6276958002270148,0.0554023170452465,0.2548240635641317,0.2740895041255557,0.17166153824375,0.717366628830874,0.0977955716435611,0.2345629965947786,0.2609976178452978,0.1431719839402137,0.8195232690124858,0.4687669277504832,881,0.0286044015150914,0.2151950718685832,0.2206676332631776,0.1564442162902121,0.4989733059548255,0.0523496280587802,0.1958932238193018,0.210382780842676,0.1261462422066704,0.6242299794661191,0.0919354143415231,0.1772073921971252,0.2022202244123875,0.1033184479523864,0.7371663244353183,0.3545012153020048,487,0.0246752454726801,0.2136986301369862,0.2279611280028945,0.1463013698630137,0.5616438356164384,0.0416970313240361,0.1863013698630137,0.2041448414886623,0.1089367253750815,0.6301369863013698,0.0709292072270051,0.1657534246575342,0.1892867025388886,0.0842583941368347,0.7397260273972602,0.415311108822284,73,0.0363973288301848,0.3993769470404985,0.4214518517733122,0.3132502596053997,0.838006230529595,0.0631504335376373,0.3598130841121495,0.3866475558740157,0.2549788607031597,0.8785046728971962,0.1127960115454336,0.3372274143302181,0.3664788870639745,0.2170329312352872,0.9626168224299064,0.6542799394145564,321,0.0566648677819751,0.7207149267196655,4.046490138366343,0.7095454855516853,0.9906816752047328,0.003405221339387
two_tower_frac0.2_s43,sparsity,Two-Tower,43,frac0.2,22.850092200009385,20.63961919999565,6.0,26.0,712064,264.87744140625,two_tower,0.2,0.0334469762094009,0.2792281498297389,0.2899355514937541,0.2151727834531466,0.623155505107832,0.0585253573596218,0.2573212258796821,0.2741633033302956,0.1757410084940353,0.7309875141884222,0.0993608120419371,0.2333144154370034,0.2598609984235336,0.1438706335426587,0.8183881952326901,0.4482625635637886,881,0.034180889749691,0.1918032786885246,0.2042901799916641,0.1372347449908925,0.5245901639344263,0.0589069374802881,0.1774590163934426,0.1956736467250971,0.109195963259317,0.6434426229508197,0.0960968688599619,0.1603483606557377,0.1896194178696693,0.0899345500290544,0.7438524590163934,0.361487671799474,488,0.0261814623234161,0.2666666666666666,0.2684209769683898,0.2,0.5694444444444444,0.0452595206247337,0.2430555555555555,0.2522537315217533,0.165119598765432,0.6527777777777778,0.0804868137846976,0.2236111111111111,0.2406132097337187,0.1344121920545932,0.75,0.4027623032831366,72,0.0339608926957851,0.4149532710280373,0.4249635597767636,0.3370612668743509,0.7850467289719626,0.0609207752600168,0.3819314641744548,0.3984014391357532,0.2792884339613312,0.881619937694704,0.1085562392921713,0.346417445482866,0.3709629675698028,0.227988442084028,0.9470404984423676,0.590387691044139,321,0.1305990286022666,0.5985138416290283,4.597844353503302,0.9253587736851604,0.9671944688277376,0.0132803632236094,0.0344909989548985,0.2787741203178207,0.291043387582985,0.2143826459831,0.604994324631101,0.0594758238470948,0.2567536889897843,0.2745639746574556,0.1739179363678039,0.7309875141884222,0.102315856989794,0.2335981838819523,0.2605789092655919,0.1419073919888166,0.8320090805902384,0.4550513239534212,881,0.0354182260859799,0.2061601642710472,0.2194680425053557,0.1532671686059776,0.5030800821355236,0.0592356133389132,0.1893223819301848,0.208400196818863,0.1218717610247384,0.6324435318275154,0.1001257686003796,0.1717659137577002,0.2011785759782851,0.0981575710836717,0.757700205338809,0.368863435813185,487,0.0283492788661794,0.2438356164383562,0.2485187255720122,0.1782191780821918,0.5616438356164384,0.0521548953426023,0.2246575342465753,0.2354542591811471,0.1389258534464013,0.7123287671232876,0.0978191336509002,0.2116438356164383,0.2295217382760622,0.1121367354043751,0.8082191780821918,0.3960400520332027,73,0.0344809863494152,0.3968847352024922,0.4093034915692979,0.3153271028037383,0.7694704049844237,0.0615051394181615,0.3663551401869159,0.3838373984492471,0.2608366573813095,0.8847352024922118,0.1066611337791526,0.332398753894081,0.3577600176554801,0.2150520047971336,0.9501557632398754,0.5992299045592497,321,0.1297895304910955,0.6074135303497314,4.577140701440764,0.9211265240382952,0.9682900324840596,0.0140749148694665
node2vec_frac0.2_s43,sparsity,Node2Vec,43,frac0.2,48.880800599989016,46.92146440007491,18.0,23.0,623744,,node2vec,0.2,0.0306694787960812,0.2599318955732123,0.2700887563677306,0.1970992558960776,0.5936435868331441,0.0543933516625033,0.2373439273552781,0.2533199295168817,0.1581164381504903,0.6912599318955732,0.0947282209767052,0.2111804767309875,0.237835255918806,0.1269324906320582,0.7729852440408627,0.4326872726990626,881,0.0306832411613511,0.1827868852459016,0.1872036836410551,0.1222267759562841,0.5122950819672131,0.0519819812122112,0.1594262295081967,0.1739083065923624,0.0942174218275652,0.6045081967213115,0.0910427123980081,0.1413934426229508,0.1687477725755314,0.0754867938709802,0.7049180327868853,0.3276038420266932,488,0.0133636257098933,0.1055555555555555,0.1196498880124992,0.0855246913580247,0.25,0.0221258541720185,0.0958333333333333,0.1095089120381443,0.066826774691358,0.3194444444444444,0.0332910887881829,0.0777777777777777,0.0944831082187903,0.0479131837076561,0.375,0.2234935645781234,72,0.0345302432445356,0.4118380062305296,0.4298380212032271,0.3359501557632399,0.794392523364486,0.0652968052421214,0.3875389408099688,0.4063020642384844,0.2757350541462691,0.9065420560747663,0.1141114038551407,0.347196261682243,0.3750192014201118,0.2228667277596688,0.9657320872274144,0.6393622295614425,321,0.2711818672423097,0.7034283876419067,5.046585987013193,0.8222788834271062,0.9419651416575752,0.0889897843359818,0.0306638136091957,0.266061293984109,0.2807011155610496,0.2040392861647118,0.5947786606129398,0.0524660449434628,0.2396140749148694,0.2591074035586926,0.1621983453489858,0.6901248581157775,0.0897415223591698,0.2122587968217934,0.2402411752117792,0.1289394426544802,0.7707150964812712,0.4551253324757346,881,0.0276396651421446,0.1897330595482546,0.2049801260380626,0.1361915354779831,0.5010266940451745,0.0474013727781953,0.1691991786447638,0.1891143476668582,0.1043545058908801,0.6057494866529775,0.0818974106600186,0.1489733059548255,0.1772989827562684,0.0807351948152618,0.7063655030800822,0.3672476246672373,487,0.0118156948985474,0.0904109589041095,0.0913628530847961,0.0566666666666666,0.2328767123287671,0.0213720440498088,0.0876712328767123,0.0885989237765479,0.0446950424005218,0.3287671232876712,0.0313080203004137,0.0732876712328767,0.080142239040125,0.0349138135291863,0.3561643835616438,0.1670321553278845,73,0.0395381842301652,0.4218068535825545,0.4386382341232338,0.3404880581516095,0.8193146417445483,0.0672210524503849,0.3809968847352025,0.4040723170895958,0.276677133297071,0.9003115264797508,0.1149307063086273,0.3398753894080997,0.3721417050135378,0.2234545193642803,0.9626168224299064,0.6539641039228725,321,0.277927684835402,0.7036235928535461,5.098337290093118,0.8241611959812274,0.9394309194587664,0.0965947786606129
popularity_frac0.2_s44,sparsity,Popularity,44,frac0.2,0.0009519000013824,0.0009519000013824,,,0,,popularity,0.2,0.0342428638698054,0.3037457434733258,0.3132968716361581,0.232618236852062,0.6367763904653803,0.0576530304727178,0.27105561861521,0.2888462055897641,0.1867810461196291,0.7321225879682179,0.09769416408904,0.2414869466515323,0.2697117232452347,0.1522946181992596,0.8047673098751419,0.4720627792514335,881,0.0319864279671445,0.215983606557377,0.2233515492929376,0.1595901639344262,0.5061475409836066,0.0535297771321324,0.1948770491803278,0.2092943193878279,0.1275918358957122,0.625,0.0866983724233775,0.1658811475409836,0.1944372498676815,0.1005800309608738,0.7069672131147541,0.3540921132112035,488,0.0324496200307451,0.3527777777777777,0.364512913446997,0.2933796296296296,0.6111111111111112,0.059563172515534,0.3152777777777778,0.335470291204177,0.2388100749559083,0.7222222222222222,0.099222594915512,0.2770833333333333,0.3073422901687608,0.1933144605580751,0.7777777777777778,0.5069771663521663,72,0.0380754317106493,0.4261682242990655,0.4385484675648533,0.3300103842159917,0.8411214953271028,0.0634929600774621,0.3769470404984423,0.3993271598025588,0.2650933343223062,0.897196261682243,0.1140676821991251,0.3484423676012461,0.375707181780288,0.2217129668674761,0.9595015576323987,0.643576328025201,321,0.0294117647058823,0.6780381798744202,3.922328257931343,0.6145503639752345,0.9935691607866004,0.0,0.0343766090897779,0.3012485811577752,0.3154463588460285,0.2340128011098499,0.6492622020431328,0.0579291321205312,0.2721906923950056,0.2922341769782975,0.1870824800261047,0.7457434733257662,0.1004680154581955,0.2425652667423382,0.2723857743682356,0.152018510772031,0.8308740068104427,0.4917265459601866,881,0.0328801681151465,0.2386036960985626,0.2478560507758666,0.1824749030344513,0.5379876796714579,0.0541291077287153,0.2131416837782341,0.2307342114481068,0.1434885053724889,0.6529774127310062,0.0936760099025909,0.1868583162217659,0.2160361184287846,0.1143664339587978,0.7494866529774127,0.3880930011449684,487,0.0297278915522906,0.2438356164383562,0.2565474145154235,0.1726940639269406,0.6027397260273972,0.0582022671638019,0.2424657534246575,0.252058648780164,0.1438384552197337,0.7397260273972602,0.0908192139151769,0.2,0.2266301196903916,0.1102639257522752,0.821917808219178,0.4477915595461929,73,0.0377040954912798,0.4093457943925234,0.4313843743173775,0.326147455867082,0.8286604361370716,0.0636321633375266,0.3685358255451714,0.3946743538370721,0.2630546902042229,0.8878504672897196,0.1129666734588804,0.3367601246105919,0.3682812423869124,0.2186373460196531,0.956386292834891,0.6589439613285132,321,0.0315704263356718,0.6781738996505737,3.9142524862131216,0.6011228472857705,0.9937517649386552,0.0
itemknn_frac0.2_s44,sparsity,ItemKNN,44,frac0.2,1.2126231000002008,1.2126231000002008,,,0,,itemknn,0.2,0.0320325022565323,0.2889897843359818,0.3006570818439844,0.217627695800227,0.6424517593643587,0.0550081019538612,0.257094211123723,0.276292248758943,0.17278538997892,0.7287173666288309,0.0971351701613892,0.2309875141884222,0.259672162018487,0.1406786359110979,0.8081725312145289,0.4723373591218761,881,0.0277504355100504,0.2028688524590164,0.2132395702778975,0.1461680327868852,0.5225409836065574,0.0470417506313813,0.180327868852459,0.1967460043574014,0.1132916991933385,0.6188524590163934,0.0856903991320703,0.1574795081967213,0.1857643650189214,0.0888844626018893,0.7151639344262295,0.3635911514990843,488,0.0341140052775269,0.2611111111111111,0.2783877877863663,0.2009259259259259,0.5694444444444444,0.071173935116282,0.2430555555555555,0.2669083712999377,0.1644808201058201,0.7222222222222222,0.0992145020807556,0.2055555555555555,0.243279989688624,0.1304499739374362,0.7638888888888888,0.4459545855379189,72,0.0380754317106493,0.4261682242990655,0.4385484675648533,0.3300103842159917,0.8411214953271028,0.0634929600774621,0.3769470404984423,0.3993271598025588,0.2650933343223062,0.897196261682243,0.1140676821991251,0.3484423676012461,0.375707181780288,0.2217129668674761,0.9595015576323987,0.643576328025201,321,0.1160280626011872,0.6910161375999451,4.2836198724213865,0.7882935143492578,0.9793711826023144,0.0060158910329171,0.0323036156680121,0.2898978433598184,0.3052533535284276,0.2222587968217934,0.64472190692395,0.0559233092267749,0.2635641316685584,0.2833585496467392,0.1777871116075808,0.7412031782065834,0.0945340714027818,0.2345629965947787,0.2629866671550767,0.1436847472248879,0.8138479001135074,0.4886843051802568,881,0.0289499703672115,0.2188911704312115,0.2316011296516855,0.162861054072553,0.5277207392197125,0.0508740635138811,0.2039014373716632,0.2200121309625056,0.1302027313320947,0.6509240246406571,0.084641174594558,0.1787474332648871,0.204712476518498,0.1031384401243606,0.7268993839835729,0.3900457608208989,487,0.0309292490682988,0.2383561643835616,0.2419735638670647,0.161689497716895,0.6164383561643836,0.0557101652901722,0.2,0.2164726969635191,0.1202898576985335,0.6986301369863014,0.0794789410684983,0.1575342465753424,0.1887397108618512,0.0845925190719728,0.7671232876712328,0.3980489829804898,73,0.0377040954912798,0.4093457943925234,0.4313843743173775,0.326147455867082,0.8286604361370716,0.0636321633375266,0.3685358255451714,0.3946743538370721,0.2630546902042229,0.8878504672897196,0.1129666734588804,0.3367601246105919,0.3682812423869124,0.2186373460196531,0.956386292834891,0.6589439613285132,321,0.1071235833783054,0.6887333989143372,4.280275985502182,0.785032333564589,0.9798425475637568,0.0048808172531215
mf_frac0.2_s44,sparsity,MF-BPR,44,frac0.2,18.80096659998526,13.86197450000327,39.0,59.0,623872,55.923828125,mf,0.2,0.0322193181442492,0.2830874006810443,0.2932515600863121,0.2133125236473704,0.6208853575482406,0.0550635513916634,0.2580022701475596,0.2739152856628182,0.1726258243870129,0.7196367763904654,0.0955165561888025,0.231838819523269,0.2576899530287857,0.1413507639021015,0.8059023836549376,0.4594604193660905,881,0.0307997750710298,0.1983606557377049,0.2054397516392642,0.141936475409836,0.4979508196721312,0.0515701208872424,0.1782786885245901,0.1925484228311359,0.1120653178165619,0.6147540983606558,0.085775304791642,0.1567622950819672,0.1828404823289084,0.089817771418317,0.7090163934426229,0.3409666555709512,488,0.0263002026799734,0.2833333333333333,0.2933273912882128,0.2225,0.5555555555555556,0.0475718871618444,0.2597222222222222,0.2736394611621135,0.1766087962962962,0.6666666666666666,0.0830550107259326,0.2375,0.2591325153225901,0.1507302846774112,0.7361111111111112,0.4431998556998556,72,0.0357050294625011,0.4118380062305296,0.4267303846209618,0.3197611630321911,0.822429906542056,0.0620548096804623,0.378816199376947,0.3976750626905804,0.263799510458389,0.8909657320872274,0.1131207990397089,0.3447040498442368,0.3711562371919828,0.2175899378468508,0.968847352024922,0.6432477007243362,321,0.0561252023745277,0.6826038360595703,4.03889445336397,0.7121577256209485,0.9905015825488992,0.0038592508513053,0.0333939828167271,0.2962542565266742,0.3045218497894379,0.2233711691259931,0.6333711691259932,0.0572654750374296,0.2633371169125993,0.2809197649640132,0.1780089343089991,0.7309875141884222,0.100693191600856,0.2373439273552781,0.2643583485620392,0.1449465541025646,0.8217934165720772,0.469057051192949,881,0.0310783295684385,0.2279260780287474,0.2301932644369045,0.1638193018480492,0.5215605749486653,0.0544121766138677,0.2057494866529774,0.2183564200105085,0.1319476999104455,0.6344969199178645,0.0953005168773668,0.1812114989733059,0.2068581339136748,0.1057305649581486,0.7412731006160165,0.3589896920373999,487,0.0268055447546014,0.2191780821917808,0.220460640155618,0.1451141552511415,0.547945205479452,0.052417238149103,0.2027397260273972,0.2097742942299278,0.115663731245923,0.684931506849315,0.083607501780454,0.1780821917808219,0.1969458759829591,0.0906272744130583,0.7671232876712328,0.3656898967010718,73,0.0384054442200036,0.4174454828660436,0.436404994244119,0.3315160955347871,0.822429906542056,0.0626968695082161,0.3644859813084112,0.3920162395931254,0.2620681896850121,0.8878504672897196,0.1127601322464278,0.3359813084112149,0.3669244390044887,0.2167954454753514,0.956386292834891,0.6595511514629161,321,0.0682676740420939,0.6788199543952942,4.05367361288138,0.7092361681900887,0.990056802693794,0.0064699205448354
two_tower_frac0.2_s44,sparsity,Two-Tower,44,frac0.2,19.039466799993534,17.14381019983557,2.0,22.0,712064,266.19384765625,two_tower,0.2,0.0327408622302563,0.2921679909194097,0.3021467613191975,0.2241896834405347,0.6322360953461975,0.0587028004003835,0.2700340522133938,0.2859229000309409,0.1847976042479042,0.7321225879682179,0.1043488644551032,0.2412031782065834,0.269469403500264,0.1512536732723864,0.8161180476730987,0.464085137301042,881,0.0326865459780996,0.2155737704918033,0.2271625084798568,0.1586634790528233,0.5409836065573771,0.0571935691842526,0.1952868852459016,0.21348951587923,0.1265210139725289,0.6413934426229508,0.1005508985153004,0.1716188524590164,0.2036102940736625,0.1030896020555735,0.7315573770491803,0.3822462651678063,488,0.0320600118360789,0.3333333333333333,0.3348654259473434,0.2647222222222222,0.6111111111111112,0.0589979009854227,0.3097222222222222,0.3181731834335142,0.2250064759700176,0.6944444444444444,0.1188535983061091,0.28125,0.3049212835290845,0.1865828412534749,0.7916666666666666,0.4689153439153439,72,0.0329761505774004,0.3993769470404985,0.4088027474013525,0.3147144340602285,0.7757009345794392,0.0609310171958634,0.3747663551401869,0.3888059874485411,0.2643737328784057,0.8785046728971962,0.1068693209702163,0.338006230529595,0.3616398397560476,0.216550765668543,0.9501557632398754,0.5874172080947782,321,0.0458715596330275,0.6666816473007202,4.139685191690195,0.8303584244087063,0.9888719890376252,0.0010215664018161,0.034828551027902,0.295800227014756,0.3015429536909566,0.2207712195737167,0.637911464245176,0.0620679845740305,0.2715096481271282,0.2856801168568612,0.1834556256289878,0.7434733257661748,0.1038712322171546,0.2419977298524404,0.2681392070386055,0.1495197221712971,0.8308740068104427,0.4568927281427677,881,0.0366721455463818,0.2410677618069815,0.2481305812197194,0.1798961898243212,0.5420944558521561,0.0636485365583611,0.217659137577002,0.2351656832029455,0.1473363022484832,0.6570841889117043,0.1033733629011464,0.1897330595482546,0.2206184261782578,0.1171166388039594,0.757700205338809,0.3865583127377395,487,0.0234930469111532,0.2383561643835616,0.2347208064519878,0.1593150684931507,0.5753424657534246,0.053673399475733,0.2287671232876712,0.2290980849070295,0.1323070232659274,0.726027397260274,0.0926126930519357,0.2068493150684931,0.2200012814769457,0.1084290610688085,0.8082191780821918,0.3698354917532999,73,0.0346094272585033,0.3919003115264797,0.3977729915163062,0.2967601246105918,0.7975077881619937,0.0615791244363568,0.3629283489096573,0.3751848443390875,0.2498854027592345,0.8785046728971962,0.1071869198058056,0.3292834890965732,0.3511818514155229,0.2080241454123412,0.9470404984423676,0.5833975211604621,321,0.0499190501888828,0.6704444289207458,4.145514004287584,0.8281762777960918,0.9889167059215568,0.0023836549375709
node2vec_frac0.2_s44,sparsity,Node2Vec,44,frac0.2,38.14798769998015,36.61138700001175,13.0,18.0,623744,,node2vec,0.2,0.0261582913488181,0.238138479001135,0.2466047123633275,0.1762608777903897,0.5584562996594779,0.0495285413026738,0.2250851305334847,0.2371353657485792,0.1465777353948263,0.6662883087400681,0.0853221552719257,0.2026674233825198,0.2241766648699436,0.1195383170603577,0.7616345062429057,0.3981552758087743,881,0.0228876348013428,0.15,0.1532805761191764,0.0998002049180327,0.4282786885245901,0.0432979846782747,0.1411885245901639,0.1503848976501356,0.0796720769364212,0.5676229508196722,0.0748737059705274,0.1258196721311475,0.1461478437729682,0.0636427475092806,0.6885245901639344,0.278502286304477,488,0.0082924961973424,0.0916666666666666,0.0927544501464893,0.0616666666666666,0.2361111111111111,0.0190354223651663,0.0847222222222222,0.0882802089492775,0.0503615520282186,0.2777777777777778,0.0315284708204174,0.0715277777777777,0.0811820316111282,0.0397332473772962,0.3611111111111111,0.161624279716385,72,0.0351377855733483,0.4049844236760124,0.4229891278360942,0.3182035306334372,0.8286604361370716,0.0658401182378991,0.3841121495327103,0.4024057698656825,0.2698722105664695,0.9034267912772586,0.1132722753329568,0.3489096573208722,0.3748734819726186,0.2224137156837412,0.9626168224299064,0.6331113212815132,321,0.2819751753912574,0.7156475186347961,5.118031458610505,0.8236808543889367,0.939627183700022,0.1019296254256526,0.0301873930343223,0.2417707150964813,0.2570695281277147,0.1802724177071509,0.5856980703745743,0.0501479754649925,0.2299659477866061,0.2458373119457665,0.1506965989826375,0.684449489216799,0.0871915136437809,0.2081157775255391,0.2321266270557083,0.1242741852418069,0.7661748013620885,0.4313849106899328,881,0.0316656510316046,0.1848049281314168,0.1950226786091029,0.1296577686516085,0.4969199178644763,0.0468136169808946,0.1671457905544148,0.182883577405425,0.1014582043175472,0.6160164271047228,0.0773202829026741,0.1457905544147844,0.1720021423702366,0.0808284496002585,0.704312114989733,0.338696445539854,487,0.0061747630922765,0.0493150684931506,0.0555238122939017,0.0336529680365296,0.1643835616438356,0.0158782722761096,0.0506849315068493,0.0544588790051605,0.0253884902515039,0.2054794520547945,0.0290236360760128,0.0438356164383561,0.0515552100380918,0.0190653225969344,0.273972602739726,0.1213985137433968,73,0.0334054937853906,0.3719626168224299,0.3970372943938588,0.290404984423676,0.8161993769470405,0.0630000655414541,0.3660436137071651,0.3848687584436187,0.2538946991049794,0.897196261682243,0.1153957019097188,0.3400311526479751,0.3644080522398539,0.2141131890751708,0.97196261682243,0.6425010773727534,321,0.2906098219104155,0.7146673202514648,5.178064074905183,0.8274989954941617,0.936040889608715,0.1076049943246311
popularity_frac0.1_s42,sparsity,Popularity,42,frac0.1,0.0016237000236287,0.0016237000236287,,,0,,popularity,0.1,0.031175680356578,0.2910329171396141,0.3049365244460172,0.2255883465758608,0.6242905788876277,0.0554435067026484,0.269466515323496,0.2871303688458482,0.1860529010443879,0.7275822928490352,0.0938322893034705,0.237627695800227,0.2660107882143965,0.1497736595211032,0.8059023836549376,0.4764355518297967,881,0.0290065686411125,0.2090163934426229,0.219764704795975,0.1580191256830601,0.4959016393442623,0.0508716356895608,0.1887295081967213,0.2052713422974056,0.1241327305056813,0.6188524590163934,0.0832430296209054,0.1629098360655737,0.1911930344179307,0.0976536501795424,0.7131147540983607,0.3610787144712816,488,0.0285128070182623,0.3166666666666666,0.3361572861731934,0.2636574074074074,0.6111111111111112,0.0483114788751658,0.2930555555555555,0.3145135722208626,0.2238624338624338,0.6805555555555556,0.0881700456499964,0.2638888888888889,0.2914706011851335,0.1824618094598422,0.7777777777777778,0.5093469337035513,72,0.0350705507537925,0.409968847352025,0.4274161292586773,0.3197715472481828,0.822429906542056,0.0639935972259053,0.3869158878504673,0.4054344632777452,0.2717063492063492,0.9034267912772586,0.111200639048461,0.3453271028037383,0.3740418078990762,0.2216771416491172,0.9532710280373832,0.6444247017863233,321,0.029681597409606,0.6864728331565857,4.873598336092526,0.6145232881255509,0.9935572771215556,0.0,0.0314442186018661,0.2851305334846765,0.302069800654775,0.220244040862656,0.6435868331441543,0.0565605453289486,0.2715096481271282,0.288707828411794,0.1840928493354713,0.7434733257661748,0.0960906005471529,0.2408059023836549,0.2682089581296556,0.1492089997647785,0.8183881952326901,0.489164940306647,881,0.029858819829176,0.2229979466119096,0.2348953112078045,0.170201916495551,0.5256673511293635,0.0515789295873919,0.2094455852156057,0.2247426958757213,0.1377005720152537,0.6427104722792608,0.0875955546527506,0.1837782340862423,0.2103834187005903,0.1103995401530213,0.728952772073922,0.3837637166447853,487,0.0246523665679552,0.2383561643835616,0.2530161898201717,0.1755707762557077,0.5753424657534246,0.0452012967575147,0.2178082191780821,0.2341107962929575,0.1351962383126766,0.684931506849315,0.0801769780266203,0.1986301369863013,0.2198638613530126,0.1078428646606988,0.7671232876712328,0.4327439043372713,73,0.0353940453955595,0.3900311526479751,0.4151379936504155,0.3063239875389407,0.838006230529595,0.0667015796337859,0.3778816199376947,0.398167650498219,0.2655959386177454,0.909657320872274,0.1125977089414608,0.3369158878504673,0.3669324153466329,0.2174954006791822,0.9657320872274144,0.6619036678739089,321,0.0326497571505666,0.6866095662117004,4.8666158831460695,0.5992129813182041,0.993738533641492,0.0
itemknn_frac0.1_s42,sparsity,ItemKNN,42,frac0.1,1.000855499994941,1.000855499994941,,,0,,itemknn,0.1,0.0273883188948468,0.2547105561861521,0.2658525935687616,0.1869315172152856,0.6004540295119183,0.0479209608198377,0.235527809307605,0.2503625258934258,0.1534415235384102,0.6969353007945517,0.0833116891045866,0.2113507377979568,0.2348801268984854,0.124857347624586,0.7786606129398411,0.4370218624034123,881,0.0234647736607286,0.1598360655737705,0.1671337544290912,0.1051571038251366,0.4672131147540984,0.0390223984542504,0.1405737704918033,0.1540552423492042,0.0791428370072983,0.5717213114754098,0.067531892157378,0.1273565573770491,0.1486231143859761,0.0641955819867397,0.6721311475409836,0.3105378369170685,488,0.0197312862216263,0.2055555555555555,0.2146428511200974,0.1489351851851851,0.5138888888888888,0.0365762684317675,0.2041666666666667,0.2117495046325041,0.1297574955908289,0.625,0.0659254110247822,0.1833333333333333,0.1990818283556372,0.1043543996995091,0.7222222222222222,0.3696314873398207,72,0.0350705507537925,0.409968847352025,0.4274161292586773,0.3197715472481828,0.822429906542056,0.0639935972259053,0.3869158878504673,0.4054344632777452,0.2717063492063492,0.9034267912772586,0.111200639048461,0.3453271028037383,0.3740418078990762,0.2216771416491172,0.9532710280373832,0.6444247017863233,321,0.1556934700485699,0.7125481963157654,5.398639314248771,0.8040028615597887,0.9672018808043892,0.0122587968217934,0.0282622925153116,0.2533484676503973,0.2673178063130674,0.1885168369277336,0.6118047673098751,0.0495454637303792,0.2384790011350737,0.2541517499786593,0.1570759967500684,0.7048808172531215,0.0839616486953719,0.2133371169125993,0.2372710607204955,0.1267504350769425,0.7866061293984109,0.4455802746619718,881,0.0247590412718319,0.1741273100616016,0.1811477122605435,0.1192950034223134,0.486652977412731,0.0396141071222517,0.15564681724846,0.1693893870092098,0.0935138157476086,0.5811088295687885,0.0674013367819408,0.138911704312115,0.1605262411199832,0.0736234905040925,0.6776180698151951,0.3180689473903599,487,0.020273123762093,0.1808219178082191,0.1921747332759488,0.132283105022831,0.4520547945205479,0.0403599495271536,0.1780821917808219,0.1863458143532234,0.1039236790606653,0.6301369863013698,0.068519135857652,0.1664383561643835,0.1790989005898023,0.0821434220448745,0.726027397260274,0.34500777000777,73,0.0353940453955595,0.3900311526479751,0.4151379936504155,0.3063239875389407,0.838006230529595,0.0667015796337859,0.3778816199376947,0.398167650498219,0.2655959386177454,0.909657320872274,0.1125977089414608,0.3369158878504673,0.3669324153466329,0.2174954006791822,0.9657320872274144,0.6619036678739089,321,0.1481381543443065,0.710658848285675,5.3679744909291855,0.7990139713384741,0.9688842769923056,0.0090805902383654
mf_frac0.1_s42,sparsity,MF-BPR,42,frac0.1,18.92385010002181,11.212549199903153,73.0,93.0,623872,54.4990234375,mf,0.1,0.0264434196120942,0.2590238365493757,0.2674888060895363,0.1918993567915247,0.5822928490351873,0.0464673131162408,0.2345062429057889,0.248618048793123,0.1522654781423226,0.6935300794551645,0.0878741903309194,0.2187854710556186,0.2390306262086691,0.1261259723197881,0.7877412031782066,0.4256408882185951,881,0.0222723934717852,0.1651639344262295,0.1674249807310488,0.1106147540983606,0.4385245901639344,0.0409707999341313,0.1526639344262295,0.1605781273040868,0.0867542176251192,0.5819672131147541,0.0733457551334071,0.1393442622950819,0.1564542744033858,0.0696800351490734,0.694672131147541,0.2936127251950032,488,0.0162510815563395,0.2222222222222222,0.2314563576652607,0.165324074074074,0.4861111111111111,0.037201675758362,0.2291666666666666,0.2336059833358905,0.1433443562610229,0.6111111111111112,0.0883611516356922,0.2083333333333333,0.2253412187447331,0.1180187975338151,0.7083333333333334,0.3802837979921313,72,0.0350705507537925,0.409968847352025,0.4276928031658283,0.3214330218068536,0.822429906542056,0.0569016568004673,0.3601246105919003,0.3858278631220026,0.2538599202228486,0.881619937694704,0.1098518076594001,0.3419003115264797,0.3676377820291727,0.2137562960702517,0.9470404984423676,0.6365301531775303,321,0.1011872638963842,0.7394049167633057,5.169187801147692,0.7721201018436724,0.9824641208262456,0.0046538024971622,0.0250699868198283,0.2576617480136209,0.2713334454225442,0.1912741203178206,0.6083995459704881,0.0458217218640207,0.2354143019296254,0.2514876823540983,0.1519213629665091,0.7094211123723042,0.0846230317722261,0.2182746878547105,0.2392903214697351,0.1266431426454611,0.7922814982973894,0.45429465930695,881,0.0194080400855237,0.179876796714579,0.1876597469497195,0.1246321013004791,0.4722792607802875,0.0377682405646624,0.1669404517453799,0.1774008690538177,0.0984537985092888,0.5831622176591376,0.0690144241466683,0.1513347022587269,0.1686482441248984,0.0780141746354292,0.6858316221765913,0.3332210027289842,487,0.0174445793786867,0.1945205479452054,0.2154432541629617,0.1468493150684931,0.5068493150684932,0.0351295616179948,0.1684931506849315,0.1892839623690855,0.101251630789302,0.6712328767123288,0.067293478300635,0.1547945205479452,0.1768084560104708,0.07692537828607,0.7671232876712328,0.3993322048620195,73,0.0353940453955595,0.3900311526479751,0.410987885043152,0.3024818276220145,0.838006230529595,0.0604714822713334,0.3545171339563863,0.3780333198498695,0.2445618437752394,0.909657320872274,0.11224436920859,0.3342679127725857,0.3606730873434476,0.2117263333592341,0.9595015576323987,0.6504788646899696,321,0.0909336211548839,0.740413248538971,5.135849265054622,0.761237593189815,0.9839713860947644,0.0022701475595914
two_tower_frac0.1_s42,sparsity,Two-Tower,42,frac0.1,11.096025299979374,9.091822599963052,3.0,23.0,712064,264.47607421875,two_tower,0.1,0.0309413905943326,0.2790011350737798,0.2904213676661928,0.2156123092445453,0.5970488081725313,0.0561198791192266,0.2587968217934165,0.2746760280443028,0.1754220417514969,0.720771850170261,0.0978974978833183,0.235527809307605,0.2608289240264395,0.1455237601459077,0.8127128263337117,0.4493460517014615,881,0.0307931971544504,0.2036885245901639,0.217675541205968,0.1539640255009107,0.4918032786885246,0.0527052396508836,0.1858606557377049,0.204041632413073,0.1211282553777431,0.625,0.0911252047704415,0.1643442622950819,0.1938800185549076,0.0980619977969545,0.7254098360655737,0.3694601596599388,488,0.0232172060082733,0.3027777777777778,0.3089548071290335,0.2487037037037037,0.5416666666666666,0.057106415198837,0.2708333333333333,0.2881279858693786,0.2009292328042328,0.6388888888888888,0.0986572558876047,0.25,0.273776578325601,0.1651464235968638,0.7638888888888888,0.4233989112214085,72,0.0328992089396872,0.3881619937694704,0.3968561205361778,0.3019106957424714,0.7694704049844237,0.0610897029909384,0.3669781931464175,0.3790406514232272,0.2522408890866834,0.8847352024922118,0.1080226582034904,0.3404984423676013,0.359703798669953,0.2132761223198028,0.956386292834891,0.5766124362211715,321,0.0509983810037776,0.6765289306640625,5.122947905967763,0.8373561458188293,0.9884873013238036,0.0027241770715096,0.0316565831738613,0.2751418842224745,0.2881311041041542,0.2070412410139993,0.6367763904653803,0.0569983597908814,0.2603859250851305,0.2762012607341386,0.1731439354129006,0.7434733257661748,0.0976556821724278,0.2356413166855845,0.2614006893359525,0.1442338621495199,0.8161180476730987,0.4625912659886243,881,0.0320453759196234,0.2205338809034907,0.2331670337454214,0.1641546885694729,0.5379876796714579,0.0559275992365245,0.2059548254620123,0.2236312127960182,0.1359306904562722,0.648870636550308,0.0940945239752193,0.1823408624229979,0.2118029476753934,0.1112594250703158,0.731006160164271,0.3870900436134446,487,0.0253553913764373,0.2164383561643835,0.2255363080947853,0.1471232876712328,0.5753424657534246,0.0510499016892338,0.2150684931506849,0.2224079032741689,0.1214601000217438,0.7397260273972602,0.087180699418953,0.2006849315068493,0.2157806999503814,0.1045582161540482,0.8082191780821918,0.4048390536404234,73,0.0324997138094557,0.3713395638629283,0.3857539152362002,0.2857320872274143,0.8006230529595015,0.0599756116020715,0.3532710280373832,0.3681904459068564,0.2413550577725032,0.8878504672897196,0.1054405973844034,0.3244548286604362,0.3470217466999369,0.2032833107951331,0.9470404984423676,0.5902704148924599,321,0.0493793847814355,0.67448490858078,5.1034746768192045,0.8297072264389487,0.9888618205407312,0.0015891032917139
node2vec_frac0.1_s42,sparsity,Node2Vec,42,frac0.1,37.51521389998379,35.77828199998476,15.0,20.0,623744,,node2vec,0.1,0.0239485934444072,0.2261066969353007,0.2351490401640799,0.1693321982595535,0.5312145289443814,0.0451513805348808,0.2121452894438138,0.2248068062308551,0.1370963081074696,0.6492622020431328,0.0806903468925046,0.1964812712826333,0.2161426586744412,0.1153909142086896,0.7377979568671964,0.3753456004203203,881,0.0206698311579976,0.1295081967213114,0.1377706636392381,0.0875443989071038,0.3913934426229508,0.0378673114182861,0.1239754098360655,0.1348872613180928,0.0696673244282533,0.5163934426229508,0.0656050688812465,0.1104508196721311,0.1310711020187205,0.0563657829013042,0.6352459016393442,0.2667510335096648,488,0.0125879299137494,0.1305555555555555,0.1390200716588329,0.1052314814814814,0.2777777777777778,0.0237182461156652,0.1194444444444444,0.1291203284906711,0.0822536375661375,0.375,0.0457016516739346,0.11875,0.1290358405034842,0.0725533520296162,0.4305555555555556,0.2156637344137344,72,0.0314813154692523,0.3943925233644859,0.4047500790316832,0.3080477673935617,0.8006230529595015,0.0610324129556963,0.3669781931464175,0.3829693118841923,0.2519063277786019,0.912772585669782,0.1114716606782709,0.3447040498442368,0.3650106043326987,0.2147322492706751,0.9626168224299064,0.5762528995009247,321,0.313815434430653,0.7384037971496582,6.051497287682955,0.8181232886533718,0.9281999371513384,0.1093076049943246,0.0219522779887829,0.2183881952326901,0.2312259133014277,0.1643624668936814,0.5278093076049943,0.0434759646346757,0.2131668558456299,0.2249449651176298,0.1338834687614483,0.677639046538025,0.0770415683706801,0.1980703745743473,0.2153793779406001,0.1128906405572294,0.753688989784336,0.3901062387319385,881,0.0190557931703206,0.1515400410677618,0.1601256852251357,0.1018001368925393,0.4414784394250513,0.0360540102114624,0.1394250513347022,0.1517267759092217,0.0792770498571319,0.5605749486652978,0.058909452772466,0.1213552361396304,0.14097434405111,0.0611780921204146,0.6509240246406571,0.3035918337533553,487,0.011239101862501,0.1068493150684931,0.120494011361796,0.0841095890410958,0.2602739726027397,0.0218400445070351,0.110958904109589,0.1189422470243027,0.0674744509676016,0.3972602739726027,0.044937768178011,0.1095890410958904,0.1176365199067144,0.054751897925246,0.4931506849315068,0.2324823754194168,73,0.028782963234296,0.345171339563863,0.3642765049361545,0.2775285565939772,0.719626168224299,0.0596563819973632,0.3482866043613707,0.3601333033273108,0.2318310834198684,0.9190031152647976,0.1118512808641227,0.3345794392523364,0.3504899079737943,0.2045670869773652,0.968847352024922,0.5572061055431039,321,0.29897463572585,0.74127197265625,6.02272823925301,0.8132941919349614,0.9332989482956436,0.1037457434733257
popularity_frac0.1_s43,sparsity,Popularity,43,frac0.1,0.0007783999899402,0.0007783999899402,,,0,,popularity,0.1,0.0314386909582103,0.2987514188422247,0.3115231522951102,0.233681422625804,0.6311010215664018,0.0559681643873179,0.2661748013620885,0.2863809403107691,0.1867903694037416,0.7275822928490352,0.095983725500898,0.2396708286038592,0.2682957141982627,0.1514933765231078,0.8093076049943246,0.4775655800112598,881,0.0299490587038606,0.2180327868852459,0.2273300643098343,0.1645423497267759,0.5061475409836066,0.0521745968638455,0.1895491803278688,0.2074853275529813,0.1268269582992577,0.6188524590163934,0.0832588601499539,0.1629098360655737,0.1925288334409609,0.0989236613214759,0.7028688524590164,0.3654119974547859,488,0.0276463593478166,0.3361111111111111,0.3536992747718538,0.294212962962963,0.5833333333333334,0.0522098334772409,0.3,0.3231498719032621,0.2330284115961199,0.6944444444444444,0.0976719609486025,0.2708333333333333,0.3006887603550897,0.1886180252410679,0.8055555555555556,0.4987678845683231,72,0.034553919668712,0.4130841121495328,0.4300575638791883,0.3252128764278297,0.8317757009345794,0.0625783225710563,0.3750778816199377,0.3980746971679061,0.2675785487842304,0.9003115264797508,0.1149500225072096,0.3493769470404985,0.3762145256819754,0.2230854211047377,0.97196261682243,0.643311319448801,321,0.0304910955207771,0.7129817008972168,4.885890823655054,0.6170694572348543,0.993481074650856,0.0,0.0329413739219143,0.294211123723042,0.3098045274389381,0.2277166099129776,0.6458569807037458,0.0567601850393023,0.2742338251986379,0.2926462555781402,0.1890230311446056,0.7423382519863791,0.0982090035444855,0.2420544835414302,0.2710700253338624,0.1518288572927491,0.8183881952326901,0.4898748333137203,881,0.0317036604176189,0.2320328542094455,0.2422535046603535,0.1752532511978097,0.5400410677618069,0.051742823279835,0.211088295687885,0.2277939452199473,0.1412298243884975,0.6427104722792608,0.0891108584867888,0.1847022587268993,0.2127781716773711,0.1128252721917359,0.7268993839835729,0.3857010038468675,487,0.0241415801032335,0.2301369863013698,0.2484911477665209,0.1685844748858447,0.547945205479452,0.0474011710937095,0.2260273972602739,0.2404330224457043,0.1364210818777028,0.6986301369863014,0.0875831008625117,0.2047945205479452,0.2268181717075158,0.1105254844083031,0.8082191780821918,0.4393062016890423,73,0.036820350324891,0.4031152647975079,0.4262320190565618,0.3207580477673936,0.8286604361370716,0.0665005688240027,0.3809968847352025,0.40290993521399,0.2734941650595856,0.9034267912772586,0.1144285908930288,0.3375389408099688,0.3695700815501692,0.2203954995505621,0.9595015576323987,0.659420518855648,321,0.0310307609282245,0.7127434015274048,4.876440586004425,0.603286835978168,0.993724383504248,0.0
itemknn_frac0.1_s43,sparsity,ItemKNN,43,frac0.1,1.0870550999825357,1.0870550999825357,,,0,,itemknn,0.1,0.0262006546785241,0.2531214528944381,0.2639344797643194,0.1894050321604237,0.5845629965947786,0.0476786786268308,0.2307604994324631,0.2463220609109124,0.1515234127556096,0.6935300794551645,0.0818377080154679,0.2127695800227014,0.2341552515858842,0.12487549864741,0.7786606129398411,0.4312467919317721,881,0.0216286481692861,0.1545081967213115,0.1622866690318024,0.1048958333333333,0.4405737704918033,0.0388926403000852,0.1389344262295082,0.151570051719791,0.078319708271894,0.5676229508196722,0.0604773847152112,0.1263319672131147,0.1451838345094016,0.0628053885056411,0.6618852459016393,0.3055229910765076,488,0.0199470590487715,0.2083333333333333,0.212248669161477,0.1567129629629629,0.4583333333333333,0.040800914701213,0.2097222222222222,0.2119662865605274,0.1302693727954144,0.625,0.0789874971637488,0.1895833333333333,0.2038361480925262,0.1077203408749238,0.7083333333333334,0.3379204236595877,72,0.034553919668712,0.4130841121495328,0.4300575638791883,0.3252128764278297,0.8317757009345794,0.0625783225710563,0.3750778816199377,0.3980746971679061,0.2675785487842304,0.9003115264797508,0.1149500225072096,0.3493769470404985,0.3762145256819754,0.2230854211047377,0.97196261682243,0.643311319448801,321,0.1535348084187803,0.7258543372154236,5.422197255047099,0.8060003611248138,0.9663846644365396,0.0105561861520998,0.0248526462116877,0.2583427922814983,0.273099304015043,0.1947881195611047,0.6072644721906924,0.0456488266094834,0.2424517593643586,0.2575411359160256,0.1593552729453491,0.7105561861520999,0.0785230682217213,0.2150397275822928,0.2372413457308971,0.1261068202643933,0.7786606129398411,0.454319751919185,881,0.0170504978976328,0.1708418891170431,0.1805991491938965,0.1198254620123203,0.4722792607802875,0.0322605135135569,0.1585215605749486,0.1695037185086137,0.0912260263448295,0.5934291581108829,0.0560401309141391,0.1397330595482546,0.1563250642171818,0.0692989786405699,0.6673511293634496,0.3296150811629098,487,0.0242774846857493,0.2054794520547945,0.2168249734612185,0.140958904109589,0.5342465753424658,0.0432748434157236,0.1931506849315068,0.2056348030771636,0.1119629267232007,0.6438356164383562,0.0706260502943626,0.1787671232876712,0.1951688101034043,0.0904732972498983,0.726027397260274,0.3843721967370129,73,0.036820350324891,0.4031152647975079,0.4262320190565618,0.3207580477673936,0.8286604361370716,0.0665005688240027,0.3809968847352025,0.40290993521399,0.2734941650595856,0.9034267912772586,0.1144285908930288,0.3375389408099688,0.3695700815501692,0.2203954995505621,0.9595015576323987,0.659420518855648,321,0.1516459794927145,0.7276301980018616,5.386372908717161,0.7942229138803498,0.9685885329983038,0.0127128263337117
mf_frac0.1_s43,sparsity,MF-BPR,43,frac0.1,18.243400900013512,11.050396200065734,64.0,84.0,623872,54.4990234375,mf,0.1,0.0264872654624199,0.2674233825198638,0.279697925092941,0.2013923571698827,0.6118047673098751,0.0492293178314113,0.246311010215664,0.2616856671725461,0.1624575798705575,0.70261066969353,0.0866066163837517,0.2194097616345062,0.2440006939470879,0.1319264933637128,0.7820658342792282,0.4508331177316603,881,0.0203712467410032,0.1754098360655737,0.1826796531624955,0.1236885245901639,0.4692622950819672,0.0391490794223261,0.1575819672131147,0.1695702969858488,0.0952753563477607,0.569672131147541,0.0716161672203871,0.1373975409836065,0.1596093593565175,0.0739759459756244,0.6659836065573771,0.32138585858776,488,0.023432996019483,0.2666666666666667,0.2900313616541114,0.2209722222222222,0.5694444444444444,0.043544174504463,0.2541666666666666,0.2721417169951526,0.1759826940035273,0.6666666666666666,0.0715248866986947,0.2201388888888888,0.2459825167484148,0.1409478532864433,0.7222222222222222,0.4537510000438922,72,0.0364702079419926,0.4074766355140187,0.4248720972725457,0.3151298026998961,0.838006230529595,0.0658289647571866,0.3794392523364486,0.3993787047547287,0.2615576323987539,0.912772585669782,0.1127786529228359,0.3439252336448598,0.3718520336308973,0.2180022852981382,0.97196261682243,0.646970734353912,321,0.0860766324878575,0.7311944365501404,5.130800466298987,0.7594968334700771,0.9841223208920344,0.0027241770715096,0.027354163696123,0.2708286038592509,0.2818097687502639,0.2015809055366376,0.6163450624290578,0.0515155386468425,0.2475595913734392,0.263701676224192,0.1630740005044772,0.7162315550510783,0.0874291135159873,0.2204880817253121,0.2450481494128508,0.1313317768772033,0.8024971623155505,0.4558527991611351,881,0.0211976379442416,0.1930184804928131,0.1964325755710967,0.1352692219940679,0.4743326488706365,0.0441788011600541,0.1731006160164271,0.184972485525193,0.1056664955509924,0.5913757700205339,0.0746428053381648,0.1551334702258727,0.1750926033854745,0.0834760850727552,0.6981519507186859,0.3261925358539493,487,0.0286606299034162,0.2246575342465753,0.2373383225565089,0.1529223744292237,0.589041095890411,0.0488757841121687,0.2054794520547945,0.2193381629898241,0.1187709284627092,0.6986301369863014,0.0694869484998134,0.1684931506849315,0.1940572806442579,0.0892722703424802,0.7397260273972602,0.4286542470869627,73,0.0363973288301848,0.3993769470404985,0.4214518517733122,0.3132502596053997,0.838006230529595,0.0632466702265844,0.3700934579439252,0.3932333034407693,0.2602440290758047,0.909657320872274,0.1109079612691967,0.3314641744548287,0.3627761379967745,0.2135002064279852,0.9750778816199376,0.6587501279213036,321,0.0871559633027523,0.7319684624671936,5.124964434407083,0.7503080376269522,0.9844751554830556,0.0037457434733257
two_tower_frac0.1_s43,sparsity,Two-Tower,43,frac0.1,13.48972529999446,11.131496999965748,6.0,26.0,712064,264.47607421875,two_tower,0.1,0.0293333798823806,0.2808172531214529,0.2859143675461328,0.2111256148316307,0.601589103291714,0.0526347899140082,0.2540295119182746,0.2675810561142369,0.1717594319225987,0.7037457434733257,0.0938465309481157,0.227639046538025,0.2513692170235984,0.1390031954539479,0.7990919409761634,0.4317983809885867,881,0.0282161110547059,0.2012295081967213,0.2055435277818604,0.1387260928961748,0.5081967213114754,0.0493986891485162,0.1762295081967213,0.1899485332791169,0.1084668146630236,0.6024590163934426,0.0845117026459925,0.1537909836065573,0.1783851670284579,0.0855928311228507,0.7110655737704918,0.3437439728669966,488,0.0244398294861511,0.2805555555555556,0.2793682229346463,0.2100462962962963,0.5694444444444444,0.0415499436063714,0.2416666666666666,0.253173374119257,0.1651162918871252,0.6388888888888888,0.1028583004166218,0.2326388888888889,0.2517994102372505,0.1397382833379126,0.7777777777777778,0.4085797675645456,72,0.0321295257279685,0.4018691588785046,0.40956636822212,0.3214330218068536,0.7507788161993769,0.0600407902495531,0.3750778816199377,0.3888334680992123,0.2694700341195668,0.8722741433021807,0.1060164649347314,0.338785046728972,0.3622266702517777,0.2200353807060662,0.9376947040498442,0.5708709396486081,321,0.0957906098219104,0.6331281661987305,5.371740368433183,0.9168145088193906,0.9761049511391472,0.0062429057888763,0.029390779821015,0.267877412031782,0.2736080106626375,0.1992886870979947,0.5925085130533485,0.0554007829882267,0.2538024971623155,0.2649103282815718,0.1679397413524622,0.7094211123723042,0.0946140330740647,0.22894438138479,0.250937768816616,0.1377603227097208,0.7979568671963677,0.4234910587899645,881,0.0282486177681216,0.2053388090349076,0.2163749495394681,0.1526625598904859,0.4948665297741273,0.0528061272549026,0.1893223819301848,0.2067426372427029,0.1237807426187449,0.6139630390143738,0.0881484143133104,0.1694045174537987,0.1964847221649473,0.099686263029764,0.702258726899384,0.3609121067569361,487,0.0314229283734996,0.263013698630137,0.2700667776870336,0.1955707762557077,0.5753424657534246,0.0582164319144016,0.2369863013698629,0.2507708382552294,0.1508840690005073,0.6712328767123288,0.1022342426518699,0.2116438356164383,0.2373778533648366,0.1214450620121185,0.7671232876712328,0.4149707978475102,73,0.0306614529531886,0.3638629283489096,0.3612435582458231,0.2708722741433021,0.7445482866043613,0.0586969043917098,0.3554517133956386,0.3563740301751922,0.2388135621157428,0.8629283489096573,0.1026902979877954,0.323208722741433,0.3366340540108293,0.1992340955915398,0.9501557632398754,0.5203693413098522,321,0.0963302752293578,0.6355699300765991,5.351866078242336,0.910714858450208,0.9767021359356516,0.0053348467650397
node2vec_frac0.1_s43,sparsity,Node2Vec,43,frac0.1,33.98016420000931,32.57426370008034,12.0,17.0,623744,,node2vec,0.1,0.022311131844952,0.2313280363223609,0.2398185826805438,0.1738961407491487,0.5187287173666288,0.0410753160107542,0.2114642451759364,0.224462845159212,0.1390941931066789,0.6356413166855845,0.0743932368401546,0.1930760499432463,0.2120988006396868,0.1132420389259456,0.7219069239500567,0.390233748594507,881,0.0154468840803968,0.1237704918032787,0.1289537831353476,0.0812687841530054,0.360655737704918,0.0292266997585737,0.1163934426229508,0.1239611814904492,0.0625263466042154,0.4938524590163934,0.0546484174653835,0.1068647540983606,0.1208551463704971,0.0496519747794644,0.6065573770491803,0.2516027765005554,488,0.0124171269780834,0.1333333333333333,0.1358305408805395,0.1038425925925926,0.2638888888888889,0.0262002239254991,0.1291666666666666,0.1319293324704739,0.0853125,0.4027777777777778,0.0459746933953617,0.1145833333333333,0.1236850369704402,0.0703058998368945,0.4305555555555556,0.2145179209598069,72,0.0349657152079349,0.4168224299065421,0.4316851284364815,0.3304257528556594,0.8161993769470405,0.0624246348930048,0.3744548286604361,0.3980056014954905,0.2675595856203333,0.9034267912772586,0.1107845358523457,0.3417445482866043,0.3706430195417127,0.219545320290103,0.9626168224299064,0.6404002718703538,321,0.2941176470588235,0.7372297048568726,6.018410223726032,0.8181473454112753,0.931684668785716,0.1127128263337117,0.0237903706890062,0.2324631101021566,0.2421968845578245,0.1724063564131668,0.5414301929625426,0.0415177054795998,0.2130533484676504,0.2262509414365069,0.1381683948014822,0.6435868331441543,0.0715770638015338,0.1918842224744608,0.210900674630046,0.1108163552301081,0.7253121452894438,0.4008275522109893,881,0.0163008438034467,0.1326488706365503,0.1360930036744658,0.0867556468172484,0.3839835728952772,0.0285238772836269,0.1250513347022587,0.1308109873400771,0.0667221706159077,0.5174537987679672,0.0509306800149075,0.1129363449691991,0.124616642032815,0.0516960943863593,0.6057494866529775,0.2536044044360107,487,0.0167475678976826,0.147945205479452,0.1552015791070903,0.1021461187214611,0.3424657534246575,0.0275963836490989,0.1383561643835616,0.1460720881449569,0.083756251358991,0.3698630136986301,0.0434454524415205,0.1191780821917808,0.1317320024209645,0.0646570080181821,0.4931506849315068,0.2693712109808,73,0.0367546205240032,0.4031152647975079,0.4229546642715294,0.3183281412253375,0.8255451713395638,0.0643969915389935,0.3635514018691589,0.3892799568111003,0.2589359887257084,0.897196261682243,0.1092979252762001,0.3281931464174454,0.3598092009419292,0.2110070074960778,0.9595015576323987,0.6540798446602677,321,0.3024824608742579,0.7393109202384949,6.057668342887457,0.8137662590236893,0.9297565135041926,0.1217934165720772
popularity_frac0.1_s44,sparsity,Popularity,44,frac0.1,0.000842300010845,0.000842300010845,,,0,,popularity,0.1,0.0326589173884463,0.292622020431328,0.3022847855481105,0.223157396897465,0.6254256526674233,0.0571949246953874,0.2698070374574347,0.2849072658182022,0.1837618340521561,0.7264472190692395,0.0973526446753483,0.2384790011350737,0.2656408059309116,0.1490467486638124,0.7990919409761634,0.4613876061725923,881,0.0306590247987502,0.2098360655737704,0.2169764928331188,0.1536782786885246,0.5,0.0517703554199038,0.1922131147540983,0.2052190605572928,0.1245326104409584,0.6147540983606558,0.0877947324903443,0.1646516393442622,0.19221833475412,0.0988109732051624,0.6967213114754098,0.3491148663484412,488,0.0311385056427249,0.3361111111111111,0.3525131840675112,0.2817592592592592,0.5972222222222222,0.0609787296593474,0.3138888888888889,0.3325341515773442,0.2363144841269841,0.7083333333333334,0.0994459779405763,0.2722222222222222,0.3031503730161322,0.188738269453341,0.7916666666666666,0.5073574573574573,72,0.0360402794740027,0.4087227414330218,0.420708468263123,0.315638629283489,0.822429906542056,0.0645929179945489,0.3778816199376947,0.3953705318389672,0.2620175048212431,0.9003115264797508,0.1114135205357393,0.3431464174454829,0.3688478997132743,0.2165148761621772,0.956386292834891,0.621759156792142,321,0.0288720992984349,0.6785695552825928,4.842757315628834,0.612200124431032,0.9936223922552808,0.0,0.0321569085529718,0.292622020431328,0.3014565889640199,0.2204199772985244,0.6401816118047673,0.0579656525802579,0.2683314415437003,0.2838407815897271,0.1799606928154034,0.7434733257661748,0.1004417090251377,0.2417707150964812,0.2673903950268212,0.1479130900584045,0.8331441543700341,0.4651777299282861,881,0.0300278166649713,0.233264887063655,0.2415872882593932,0.1746132785763176,0.5318275154004107,0.0555019267840492,0.2127310061601643,0.2287722947243361,0.1409491216062058,0.6468172484599589,0.0943853500846144,0.1865503080082135,0.21433972127827,0.1124762749774028,0.7453798767967146,0.3859920179315002,487,0.0282981717225387,0.2273972602739725,0.2385024081852265,0.1552511415525114,0.589041095890411,0.0545919926875758,0.232876712328767,0.2399912113718311,0.1343282960063782,0.726027397260274,0.0904382783506214,0.2013698630136986,0.2228126396784638,0.10759808341317,0.8356164383561644,0.4250391013061185,73,0.0362645582043047,0.3975077881619938,0.4066030208643473,0.3047352024922118,0.8161993769470405,0.0624706732497888,0.3607476635514019,0.3773590735814775,0.2495239331454284,0.8940809968847352,0.1119049403125973,0.3347352024922118,0.3580129939550908,0.2108436957579371,0.9657320872274144,0.5944411618032174,321,0.0304910955207771,0.6786787509918213,4.834378727478079,0.5984104736968956,0.9938202491526764,0.0
itemknn_frac0.1_s44,sparsity,ItemKNN,44,frac0.1,1.0574233999941498,1.0574233999941498,,,0,,itemknn,0.1,0.0277881298169156,0.2481271282633371,0.2547829205613554,0.1798038844747131,0.5845629965947786,0.0480923730069452,0.2305334846765039,0.2419303897049222,0.1476263069864091,0.6833144154370034,0.0818979475164627,0.2088535754824063,0.228685011077707,0.1201603657084927,0.7820658342792282,0.410013541387086,881,0.0208100776060203,0.1467213114754098,0.1488991457361223,0.093648679417122,0.4323770491803279,0.0356660886685522,0.1375,0.1439385756416224,0.0748368922933472,0.5450819672131147,0.061919883645109,0.1246926229508196,0.1394239637649594,0.0586899462622755,0.6721311475409836,0.2730754658589253,488,0.0382929831362484,0.2194444444444444,0.2326882164286651,0.1581481481481481,0.5555555555555556,0.0587500371196536,0.2041666666666666,0.2220098291196694,0.1309826940035273,0.6527777777777778,0.0857145618224748,0.1805555555555555,0.2087836754749812,0.1072126828490651,0.75,0.3941168512859689,72,0.0360402794740027,0.4087227414330218,0.420708468263123,0.315638629283489,0.822429906542056,0.0645929179945489,0.3778816199376947,0.3953705318389672,0.2620175048212431,0.9003115264797508,0.1114135205357393,0.3431464174454829,0.3688478997132743,0.2165148761621772,0.956386292834891,0.621759156792142,321,0.1535348084187803,0.6955500841140747,5.353768442279025,0.8011741024943319,0.9690839103138574,0.012599318955732,0.0264487942479533,0.2549375709421112,0.2631875528770573,0.1882964434354899,0.58683314415437,0.0459932771558589,0.2338251986379114,0.2465165367767107,0.1513612665081166,0.6980703745743473,0.0843691969650091,0.2132803632236095,0.233533623139788,0.1232087507866418,0.7922814982973894,0.4243378000169553,881,0.0198793229054607,0.168788501026694,0.1752907066596681,0.1184377138945927,0.4373716632443531,0.0351631327394012,0.1585215605749487,0.1676372739216621,0.0935646450572015,0.5687885010266941,0.0677227837862377,0.1416837782340862,0.1592461200789401,0.0721182686809737,0.6776180698151951,0.3132600728031621,487,0.0271127985466527,0.2027397260273972,0.2189327430681316,0.1423287671232876,0.5753424657534246,0.045788293384124,0.1780821917808219,0.1973897791887454,0.1052891933028919,0.6986301369863014,0.0743394655059112,0.1568493150684931,0.1817546636729479,0.0786915925630062,0.7945205479452054,0.417374430424178,73,0.0362645582043047,0.3975077881619938,0.4066030208643473,0.3047352024922118,0.8161993769470405,0.0624706732497888,0.3607476635514019,0.3773590735814775,0.2495239331454284,0.8940809968847352,0.1119049403125973,0.3347352024922118,0.3580129939550908,0.2108436957579371,0.9657320872274144,0.5944411618032174,321,0.1529951430113329,0.6940104961395264,5.356207579517287,0.8017421340838322,0.9686638166289228,0.0122587968217934
mf_frac0.1_s44,sparsity,MF-BPR,44,frac0.1,18.321167099988088,11.202566400024809,66.0,86.0,623872,54.5048828125,mf,0.1,0.0287958697048817,0.2656072644721907,0.2718900944606663,0.1940314037079076,0.6027241770715096,0.052073003297004,0.246311010215664,0.2583331811253481,0.1604339108367944,0.7105561861520999,0.0906380023979568,0.2244040862656073,0.245553512304141,0.1325326547215499,0.7922814982973894,0.4303977048935546,881,0.0253128209611697,0.1758196721311475,0.1853443641172312,0.1249897540983606,0.4528688524590163,0.0464609167148759,0.1620901639344262,0.176006715649379,0.0978636217313276,0.5901639344262295,0.0787187870525551,0.1467213114754098,0.1695275521395491,0.0795014266635544,0.7008196721311475,0.3301534333160227,488,0.0256140609903583,0.2638888888888889,0.2608305408805395,0.1852777777777777,0.6111111111111112,0.0417217096501561,0.2263888888888889,0.2355074725347457,0.1450367430922986,0.6666666666666666,0.0776795536763942,0.2215277777777778,0.2336282732372783,0.127416809305687,0.7083333333333334,0.38397732668566,72,0.0348046485658697,0.4024922118380062,0.4059418211440478,0.3009553478712357,0.8286604361370716,0.0629265590435822,0.378816199376947,0.3886097112524393,0.2590099144538397,0.9034267912772586,0.1116647481814724,0.3431464174454829,0.3638067390117265,0.2143008172207521,0.9501557632398754,0.5932060281359347,321,0.0796006475984889,0.7214539647102356,5.077504869533572,0.7552901631206652,0.9856763244926624,0.0024971623155505,0.030695673041585,0.2749148694665153,0.2779499657346568,0.1992886870979947,0.6242905788876277,0.0519362230212046,0.2448354143019296,0.2583263430357577,0.1602547792354424,0.7219069239500567,0.0943520492489823,0.2270715096481271,0.2485571270123641,0.1332312058809566,0.8172531214528944,0.4311245161601673,881,0.027937526377565,0.2041067761806981,0.210309807464433,0.1449418206707734,0.5071868583162218,0.0468707348053612,0.1815195071868583,0.1963203668108059,0.1135832029594863,0.6139630390143738,0.0838483081562448,0.1634496919917864,0.1880558661637582,0.0908287686849583,0.7248459958932238,0.3537273247840885,487,0.0250436685689175,0.1972602739726027,0.2062388405634112,0.1368493150684931,0.5342465753424658,0.0455160577736145,0.1794520547945205,0.1919882562681869,0.1000535830770664,0.6986301369863014,0.0903468841617315,0.1746575342465753,0.1928024220230622,0.0838828800794248,0.821917808219178,0.3754368594517667,73,0.0361654978138044,0.4,0.3968772841617593,0.2959397715472482,0.822429906542056,0.0610812847788052,0.3557632398753894,0.3674839466357084,0.244752427104452,0.8909657320872274,0.1111984634655944,0.3355140186915887,0.3530250631416169,0.2087838996440811,0.956386292834891,0.5612105944774994,321,0.0852671343766864,0.7194070816040039,5.092339639871286,0.7559625656249822,0.9852799981378174,0.0047673098751418
two_tower_frac0.1_s44,sparsity,Two-Tower,44,frac0.1,12.2764645999996,10.106812000100035,5.0,25.0,712064,264.47998046875,two_tower,0.1,0.0337238947772777,0.2758229284903519,0.2836281824437862,0.2082169882709042,0.6072644721906924,0.057146390774487,0.2514188422247446,0.2673860390359403,0.170757028649102,0.717366628830874,0.0985699706632902,0.2285471055618615,0.2545778560330162,0.1409474044339236,0.811577752553916,0.4364285797741658,881,0.0361944648678326,0.2008196721311475,0.2120688803080259,0.1436731557377049,0.5204918032786885,0.0578619075156299,0.1762295081967213,0.1967898431273092,0.1132525813528204,0.6311475409836066,0.0946077558544834,0.1558401639344262,0.1880181520916757,0.0919061077356951,0.7377049180327869,0.366742682243177,488,0.0266541183863298,0.3,0.3050648845493265,0.2458796296296296,0.5416666666666666,0.0453369981367417,0.2680555555555555,0.2818075221214465,0.1971941137566137,0.6388888888888888,0.0982875024523759,0.2541666666666666,0.2745524933846394,0.1680209067422223,0.75,0.4197269800823722,72,0.0315537567584536,0.3844236760124611,0.3876079235361604,0.2978920041536864,0.7538940809968847,0.0587074627378513,0.361993769470405,0.3714751257065183,0.2522483063838204,0.8660436137071651,0.1046568819962607,0.3333333333333333,0.3512849016219797,0.2094298362798363,0.9376947040498442,0.5461146644250432,321,0.084727468969239,0.6237534880638123,5.242917355526333,0.8930491614403282,0.9808511889484366,0.0041997729852439,0.0300037362207309,0.2769580022701476,0.2822446140506447,0.2060133686467398,0.6061293984108967,0.05379987258794,0.2523269012485811,0.2654093891895251,0.1666173678871641,0.7275822928490352,0.0958094147601598,0.2299091940976163,0.2522116371057191,0.1366613474378561,0.8127128263337117,0.4335913937637897,881,0.0295521818008008,0.2172484599589322,0.2289028688416421,0.1636367784622404,0.5133470225872689,0.0523715545538341,0.1997946611909651,0.2162042631311187,0.1295607720615054,0.6365503080082136,0.0906118649744477,0.1753593429158111,0.2025936527405962,0.1015416752118945,0.7330595482546202,0.3789603081784949,487,0.0217006649534868,0.2136986301369863,0.2089940092184219,0.139269406392694,0.4931506849315068,0.0491265526929034,0.1986301369863014,0.2007269544656152,0.1124754777608658,0.6575342465753424,0.095175732701511,0.1897260273972603,0.202389864992887,0.0955802119811619,0.8082191780821918,0.3319490877105703,73,0.0325770421553564,0.3819314641744548,0.3798294242361167,0.2854828660436137,0.7725856697819314,0.0570296022918254,0.3442367601246106,0.3547698693306136,0.2351498294021658,0.881619937694704,0.1038389024110107,0.3218068535825545,0.338818950968808,0.199285033613501,0.9345794392523364,0.5395889857323988,321,0.0841878035617916,0.6223270297050476,5.249820421473668,0.8909293464820411,0.9806759967730336,0.0036322360953462
node2vec_frac0.1_s44,sparsity,Node2Vec,44,frac0.1,46.04131689999485,44.218461599957664,17.0,22.0,623744,,node2vec,0.1,0.0240854738598981,0.2261066969353007,0.2354384465364949,0.1673924832891916,0.5368898978433598,0.0438779419652084,0.210783200908059,0.2235327717628921,0.1361855926420679,0.6401816118047673,0.0745967917108073,0.190238365493757,0.209871632844307,0.1111111760808539,0.7230419977298524,0.3862396125664276,881,0.0190441165201536,0.125,0.1325014741632849,0.0837625227686703,0.3729508196721312,0.034811639949801,0.119672131147541,0.1294335958911064,0.0662152203398056,0.5020491803278688,0.0584267864116197,0.1084016393442623,0.1250380348508758,0.0524324917085179,0.6127049180327869,0.2599242331955941,488,0.0122865171670634,0.1194444444444444,0.123867163493977,0.0814814814814814,0.3472222222222222,0.0229567698941017,0.1111111111111111,0.1173620864811459,0.0663023589065255,0.4027777777777778,0.0404240074025054,0.1006944444444444,0.1114983660498812,0.0569106494127456,0.4444444444444444,0.2209104938271605,72,0.0343960883884944,0.4037383177570093,0.4169536331320955,0.3138006230529594,0.8286604361370716,0.0623535798862008,0.3716510903426792,0.390400956079768,0.2582327406559716,0.9034267912772586,0.1068441532566057,0.3347352024922118,0.3609048759283976,0.2124745277749467,0.9532710280373832,0.6153536364984963,321,0.3151645979492714,0.7245756983757019,6.055924396859794,0.8191532311018468,0.9273588309413884,0.1114642451759364,0.0277563246976783,0.223155505107832,0.2323308249045531,0.1595705637533106,0.5641316685584563,0.0464144483423237,0.2097616345062428,0.222363578680507,0.1320478022209009,0.6515323496027242,0.0777840477296178,0.1887627695800227,0.208889273353702,0.1073101568955328,0.7502837684449489,0.3855883671950764,881,0.0278235170641634,0.1535934291581109,0.162339067398914,0.1040349075975359,0.4435318275154004,0.0420761482958385,0.1359342915811088,0.1511926651415574,0.0794172560651,0.5379876796714579,0.0668132900022071,0.1204312114989733,0.1425532952735059,0.0615843577306605,0.6570841889117043,0.2934532120366126,487,0.0092809789761209,0.0904109589041095,0.0991796624797138,0.0570319634703196,0.3150684931506849,0.0201547163210248,0.0876712328767123,0.0941307918013793,0.0428337682104805,0.3698630136986301,0.0418653201514507,0.0863013698630136,0.0947745422073245,0.0360500491281058,0.4520547945205479,0.2181585397699313,73,0.031855943249689,0.3588785046728972,0.3687981793041154,0.2671443406022845,0.8037383177570093,0.0589680700251683,0.3495327102803738,0.3595013616575934,0.2321839407275544,0.8878504672897196,0.1025965901796339,0.3157320872274143,0.3354811633809328,0.1928878891706574,0.9595015576323987,0.5634456817253178,321,0.313815434430653,0.7226053476333618,6.05208432302892,0.8237283131171826,0.9270961039342894,0.110783200908059
graphsage_frac0.5_s42,sparsity,GraphSAGE,42,frac0.5,12.597603300004266,10.544917599996552,2.0,22.0,640384,167.97314453125,graphsage,0.5,0.0288128285947088,0.2687854710556186,0.2796349445405237,0.2026399924328414,0.5913734392735528,0.0543521678692135,0.2519863791146424,0.2660042445282565,0.1657309164469588,0.7094211123723042,0.0969183099619528,0.2267309875141884,0.2510393932010034,0.1342712621809633,0.8138479001135074,0.4440804438657287,881,0.0289000088634553,0.2028688524590164,0.2106462763572751,0.1481540300546448,0.485655737704918,0.0522372761444547,0.1815573770491803,0.19681322639211,0.1158142690895423,0.6004098360655737,0.0971156264244784,0.1654713114754098,0.1912086423529161,0.0931545846767209,0.7295081967213115,0.3489720531309217,488,0.0283398261537796,0.3083333333333333,0.3204630035661966,0.2485185185185184,0.5972222222222222,0.0543675846527437,0.2861111111111111,0.3021742172374626,0.2100758744855967,0.6805555555555556,0.0886662411247452,0.2555555555555555,0.2805439682899989,0.16982269809602,0.7777777777777778,0.47383837794377,72,0.0287863868644865,0.3601246105919003,0.375357218134221,0.2751817237798546,0.7507788161993769,0.0575638723965284,0.3514018691588785,0.3630789448876852,0.2316701280719972,0.881619937694704,0.0984692710914434,0.3133956386292835,0.3353791969625576,0.1888047052843471,0.9501557632398754,0.5819942240058122,321,0.0299514301133297,0.6789588928222656,2.720770998889296,0.6038995909402505,0.993852776091536,0.0,0.0313965852084371,0.2728717366628831,0.2787499125768797,0.2020935805271787,0.5981838819523269,0.0563674751891516,0.2592508513053348,0.2695594540973293,0.1691392907690675,0.7343927355278093,0.0949300828623009,0.2253121452894438,0.249697716462972,0.1349321527155018,0.8240635641316686,0.4309114971795555,881,0.0336004657513359,0.2275154004106776,0.2336126983923908,0.1671070043349304,0.5256673511293635,0.055867076025217,0.2071868583162217,0.2219645412241137,0.1348225919769383,0.6550308008213552,0.0967937260884023,0.1847022587268993,0.2111882427354421,0.1082687825552867,0.75564681724846,0.3693680373369314,487,0.0279126187999265,0.2136986301369863,0.2104667444215023,0.1277168949771689,0.5753424657534246,0.048961896216317,0.2082191780821917,0.2086959013317842,0.1091467347974197,0.7397260273972602,0.0802131067475231,0.1808219178082191,0.1958746827744356,0.0912517018801408,0.8356164383561644,0.372855846365113,73,0.0288453070882799,0.3551401869158879,0.3627576838640716,0.2720872274143302,0.7133956386292835,0.0588107825344883,0.3498442367601246,0.3556085566554001,0.2348454867120495,0.8535825545171339,0.0954495377073708,0.2970404984423676,0.3203618758541564,0.1853176174476081,0.9252336448598132,0.5374838568456375,321,0.0304910955207771,0.6796542406082153,2.712179749589121,0.5896017441551509,0.9940070799691024,0.0
gat_frac0.5_s42,sparsity,GAT,42,frac0.5,43.056504600011976,38.59099329990568,19.0,39.0,628160,534.16064453125,gat,0.5,0.0380780383729419,0.2944381384790011,0.3023797673267038,0.2191931517215286,0.659477866061294,0.0678930802375362,0.2762769580022702,0.2908175621912537,0.1842819410733982,0.7673098751418842,0.1150417701269035,0.2437003405221339,0.2739234293932163,0.1507629799762277,0.8399545970488081,0.4633348860605215,881,0.0406279450709523,0.2147540983606557,0.2297753202037793,0.159718237704918,0.5491803278688525,0.0712195045876731,0.2020491803278688,0.2221617869490061,0.1288209036270853,0.6864754098360656,0.1195538199595357,0.1774590163934426,0.214715791444718,0.1056185192561582,0.7704918032786885,0.3916226239022894,488,0.0255915049294533,0.2888888888888889,0.2887784010033156,0.2106481481481481,0.6111111111111112,0.0497002354386594,0.2777777777777778,0.2814030536110343,0.1842561098513479,0.6944444444444444,0.0940871448334801,0.2493055555555555,0.268325129442475,0.1559951131040619,0.75,0.4218553630011963,72,0.0370022624829172,0.4168224299065421,0.4158073952745888,0.3115264797507788,0.838006230529595,0.0669167242956433,0.388785046728972,0.3973031165089878,0.2686023339761657,0.9065420560747663,0.1128824327524547,0.3431464174454829,0.3651894883194485,0.218220248655947,0.9657320872274144,0.5816592150121995,321,0.1373448461953589,0.6423681974411011,3.16422552057824,0.8075508263692821,0.9713017452448496,0.0127128263337117,0.0362061769817868,0.3051078320090805,0.3130844802691021,0.2280287552024214,0.6606129398410897,0.0681384155914513,0.2858115777525539,0.3007086230482375,0.1918330197509701,0.7650397275822929,0.1103620581610817,0.2467082860385925,0.277001635108199,0.1528801239215855,0.8331441543700341,0.4783316064730462,881,0.0375930945509592,0.2550308008213552,0.2668605706821287,0.1914442162902121,0.5831622176591376,0.0710884766561887,0.2326488706365503,0.2534290486493419,0.1524818213847254,0.7063655030800822,0.1123958567730468,0.2013347022587269,0.2365426206825854,0.1219465217346795,0.7720739219712526,0.42496326049347,487,0.0261110031345303,0.2273972602739725,0.2334299785466476,0.1617808219178082,0.5342465753424658,0.0471695929080316,0.2123287671232876,0.2213872753668501,0.1292275494672755,0.6575342465753424,0.0869269409841557,0.1863013698630136,0.2083202630575285,0.1005903254441855,0.7808219178082192,0.3882589632589632,73,0.0363978244417952,0.3987538940809969,0.4013269182584951,0.2985981308411214,0.8068535825545171,0.0684313885427365,0.3831775700934579,0.3904768819672516,0.2657714401094463,0.8785046728971962,0.1126059947027908,0.3292834890965732,0.3540025079585814,0.2117019916906614,0.9376947040498442,0.5797823461823346,321,0.1386940097139773,0.6434191465377808,3.184593554647447,0.8065082916088527,0.9711116678601378,0.0152099886492621
lightgcn_frac0.5_s42,sparsity,LightGCN,42,frac0.5,32.77005039999494,28.82036700012395,19.0,39.0,623872,282.515625,lightgcn,0.5,0.0411688861096062,0.3150964812712826,0.3257936070082523,0.2419715600958506,0.6685584562996595,0.0677695701115806,0.2785471055618615,0.3001579570093481,0.1919337754229786,0.757094211123723,0.1176253036394877,0.2517593643586833,0.2856937655043879,0.1592675001851949,0.8535754824063564,0.4974402036670322,881,0.0447414369248162,0.2381147540983606,0.2495340198526185,0.177037795992714,0.5717213114754098,0.0711876589664349,0.2073770491803278,0.2305243680731211,0.1380374096739485,0.6741803278688525,0.1209666741662046,0.1846311475409836,0.223881299088751,0.1143124761683287,0.7786885245901639,0.4058081740012315,488,0.0361743888630031,0.3111111111111111,0.3133321252072319,0.2272569444444444,0.6111111111111112,0.0584098383844763,0.2972222222222223,0.3051775733648574,0.1968860229276895,0.7361111111111112,0.1023636569469745,0.25625,0.2831012455028299,0.1631947854616377,0.8194444444444444,0.4716945726749648,72,0.0368579795798022,0.4330218068535825,0.4445222837111269,0.3439875389408099,0.8286604361370716,0.0646726022710278,0.3825545171339564,0.4048924711005695,0.2727588989905411,0.8878504672897196,0.1159687607884694,0.352803738317757,0.3802456192456432,0.2267294540179888,0.9750778816199376,0.6425184463721398,321,0.1305990286022666,0.6611862182617188,3.068051300858685,0.787884720857353,0.9740898123299764,0.0065834279228149,0.0404557806236959,0.3214528944381384,0.3381366357448714,0.2528111993946273,0.6787741203178207,0.0700265517633374,0.2955732122587968,0.3178709537296224,0.207633413709369,0.7695800227014756,0.115874095048317,0.2579455164585698,0.2938399950581499,0.1655689302825226,0.8479001135073779,0.5218848458400421,881,0.0433831000727773,0.2726899383983573,0.2856545781222318,0.2094661190965092,0.5995893223819302,0.0727727358469062,0.2470225872689938,0.269186464357546,0.1701373950218919,0.7002053388090349,0.1171841950496595,0.2111909650924024,0.2499302221160229,0.1342334148433456,0.7741273100616016,0.4394754889917031,487,0.0343130620375266,0.2712328767123287,0.2917005650421505,0.2136986301369863,0.589041095890411,0.0644627962448347,0.2328767123287671,0.2605155849168303,0.1571880360464835,0.726027397260274,0.107167911690048,0.2027397260273972,0.2406297586392926,0.1183456805581984,0.821917808219178,0.4933769807057479,73,0.0374115871192961,0.4068535825545172,0.4283191753820183,0.327466251298027,0.8193146417445483,0.0671255003744048,0.3834890965732087,0.4047752784882983,0.2759918986632382,0.8847352024922118,0.1158664087071949,0.3414330218068536,0.3725577728818023,0.2238483485029428,0.9657320872274144,0.6533939764940749,321,0.1362655153804641,0.6645002961158752,3.092726584901824,0.7891066321677842,0.9735499018985074,0.0082860385925085
hybrid_frac0.5_s42,sparsity,Hybrid (id+content+graph),42,frac0.5,16.860615500016138,14.213553199981106,6.0,26.0,637824,284.3046875,hybrid,0.5,0.0422122211230049,0.3191827468785471,0.3305832840933728,0.250638479001135,0.6617480136208853,0.0713511851102766,0.2891032917139614,0.3100773875293448,0.2031262799608429,0.7763904653802497,0.1184652299860957,0.2563564131668558,0.2914378291680363,0.1666617411100275,0.8547105561861521,0.4891368814782523,881,0.0465531222335714,0.2368852459016393,0.2514287645127027,0.1804012978142076,0.555327868852459,0.0751465492732614,0.2118852459016393,0.2364754839882991,0.1420406149709428,0.6885245901639344,0.1211324737138383,0.1855532786885246,0.2266701403808377,0.1167076230428219,0.7807377049180327,0.4072466433187992,488,0.0357980514708711,0.3722222222222222,0.3845606875651788,0.3162962962962963,0.6388888888888888,0.0670078577127984,0.3277777777777778,0.3508884832877351,0.2476782958553791,0.7777777777777778,0.1195576325785206,0.2930555555555555,0.3274610622777509,0.2002541991348912,0.8611111111111112,0.526781204906205,72,0.0370516618488526,0.432398753894081,0.4388107996865099,0.3426895119418484,0.8286604361370716,0.0665554899734599,0.3978193146417446,0.4128167334278685,0.2859987390594867,0.909657320872274,0.1141653299057436,0.3557632398753894,0.3818208800847137,0.2350696932564642,0.9657320872274144,0.6051868656994377,321,0.1203453858607663,0.6406934261322021,3.058285884082494,0.8573961641419436,0.9759861144886992,0.003405221339387,0.0451751608006832,0.3280363223609535,0.3384023773278025,0.2525605372682558,0.6946651532349603,0.0723490063036205,0.2937570942111237,0.3153369539790213,0.2043367850987033,0.7866061293984109,0.1188213354599365,0.2562429057888762,0.2923103470338566,0.1644857964410857,0.8467650397275823,0.4994710474464079,881,0.0494993772513524,0.2657084188911704,0.2784622633317424,0.201935318275154,0.6078028747433265,0.0763080749745375,0.2402464065708419,0.2638578644288925,0.1648561949306302,0.7084188911704312,0.1217259899797277,0.2033880903490759,0.2450306648956472,0.1311345541894293,0.7741273100616016,0.4287261661439988,487,0.0392599432305235,0.2931506849315068,0.3087570346786766,0.2170776255707762,0.6438356164383562,0.0693606232722249,0.2506849315068493,0.2775936619185931,0.1642813655142422,0.7945205479452054,0.1238652661928964,0.2335616438356164,0.2681420036332717,0.1352553727292928,0.8493150684931506,0.4980678878119396,73,0.0399599504304207,0.4305295950155763,0.4360813353635264,0.3374350986500519,0.838006230529595,0.0670221699128271,0.3847352024922118,0.4020209942635196,0.2733433054772618,0.9034267912772586,0.1132675233270879,0.341588785046729,0.3695361858798087,0.2217315157791466,0.956386292834891,0.6071196077192721,321,0.1246627091203453,0.6409921050071716,3.065969958365705,0.85508351115488,0.9758567418053248,0.0068104426787741
graphsage_frac0.5_s43,sparsity,GraphSAGE,43,frac0.5,22.37961400000495,18.67861170010292,17.0,37.0,640384,167.5703125,graphsage,0.5,0.0306560547030302,0.290805902383655,0.2955682510154599,0.2169258418463867,0.623155505107832,0.0555000018846434,0.2656072644721907,0.2783772741724248,0.1785372199600822,0.7264472190692395,0.1001685384006785,0.2362656072644721,0.2613033140533883,0.1436716030750269,0.8297389330306469,0.4511479531587996,881,0.0281536236263743,0.2049180327868852,0.2093100784866555,0.1473599726775956,0.4938524590163934,0.051917352442586,0.1864754098360656,0.1983958159551017,0.1170204777987393,0.6209016393442623,0.0950716137836884,0.1639344262295082,0.1899811187952355,0.0932376934658051,0.7479508196721312,0.3434034846003359,488,0.0275693035874788,0.3277777777777778,0.3330211326541813,0.2628240740740741,0.6111111111111112,0.054962704351027,0.3055555555555556,0.3163471810618202,0.2254527667548501,0.7083333333333334,0.0971960587740416,0.2763888888888888,0.2975253691818879,0.1868868390502861,0.7916666666666666,0.4700278116944783,72,0.0351527289887866,0.4130841121495328,0.4183015242742406,0.3123883696780893,0.822429906542056,0.0610670372433485,0.3769470404984423,0.3914524091070577,0.2615348860208673,0.8909657320872274,0.1085838584823265,0.3372274143302181,0.3616062527347798,0.2106505778385208,0.9626168224299064,0.6107116629468414,321,0.0310307609282245,0.668242871761322,2.66352258472193,0.6193095424019952,0.9936456695373272,0.0,0.0347498208329326,0.2953461975028377,0.3051208300658155,0.2221938453777273,0.6515323496027242,0.0606867455882544,0.2683314415437003,0.2856426770577501,0.1803161941196371,0.7525539160045402,0.0998561552887186,0.2409194097616345,0.2677048919322196,0.1475595460288953,0.8365493757094211,0.4778548268932647,881,0.0347790817637481,0.2320328542094455,0.2414143997574558,0.1731268537531371,0.5462012320328542,0.0595934440715883,0.2096509240246406,0.2280081222497633,0.138936086032253,0.6611909650924025,0.0938497010524261,0.184394250513347,0.213677256007974,0.1112779160960527,0.7515400410677618,0.3921599864557157,487,0.0220773472691516,0.2219178082191781,0.2390313348982043,0.1627853881278538,0.547945205479452,0.0504987828626597,0.2164383561643835,0.2297561843516943,0.1262122200478364,0.726027397260274,0.0822072155272551,0.1993150684931507,0.2179877672876699,0.1026395085776655,0.7945205479452054,0.4308681235051098,73,0.0375873301689104,0.4080996884735202,0.4168017170047776,0.3101453790238837,0.8348909657320872,0.0646623191632849,0.3691588785046729,0.3857914065251384,0.255399380243617,0.897196261682243,0.1129823727829904,0.3361370716510903,0.360978439577577,0.2128190990233942,0.9750778816199376,0.618550828888348,321,0.0313005936319481,0.6680230498313904,2.657765565271496,0.6107010520371796,0.9937460681301544,0.0
gat_frac0.5_s43,sparsity,GAT,43,frac0.5,35.549580099992454,31.51739789993735,19.0,39.0,628160,535.5595703125,gat,0.5,0.039340494695386,0.3010215664018161,0.3152686171525443,0.2296992054483541,0.6651532349602725,0.0659329903381781,0.2734392735527809,0.2945801447494796,0.1868531405709801,0.7604994324631101,0.1141459995130923,0.2461975028376844,0.2793423547078699,0.1531740553425566,0.8410896708286039,0.4925853337425643,881,0.0427870395203956,0.2311475409836065,0.2433018583870662,0.1696823770491803,0.5737704918032787,0.0691536097143533,0.2067622950819672,0.2281847469053727,0.1351553374461502,0.6762295081967213,0.1193619997081594,0.1837090163934426,0.221751152374184,0.1118110170297627,0.7704918032786885,0.4023973854662709,488,0.0273873060165146,0.2888888888888888,0.2960701259189086,0.2161111111111111,0.5833333333333334,0.0475579067725276,0.2569444444444444,0.2711860982845904,0.1717204952968841,0.6527777777777778,0.0885219651153289,0.2340277777777778,0.2560063611597848,0.1431155104564385,0.75,0.4361802163885497,72,0.0367819766588566,0.409968847352025,0.4289822297580741,0.3239875389408099,0.822429906542056,0.0651583603106184,0.3785046728971962,0.4007649593706515,0.2688409237007367,0.912772585669782,0.1119638262465697,0.3439252336448598,0.3721295767461904,0.2183123043408243,0.968847352024922,0.6423451069772067,321,0.124932541824069,0.6648013591766357,3.124424773606249,0.7913378997811037,0.9742592464408728,0.0118047673098751,0.0373914005200507,0.3160045402951191,0.3333973063240533,0.2455820406104174,0.681044267877412,0.0658460591216542,0.2792281498297389,0.3054831679014934,0.1948958790015354,0.7797956867196367,0.1108860836412713,0.2503405221339387,0.2858697502220539,0.1577896213747173,0.8547105561861521,0.5235953585384115,881,0.0375382638071295,0.2583162217659137,0.2738037145630925,0.1974766141911932,0.5913757700205339,0.068043402727234,0.2271047227926078,0.2528841419403189,0.1543582935874174,0.7084188911704312,0.1129293308216798,0.2012320328542094,0.2391795152611233,0.1241842898139796,0.7802874743326489,0.4404182803028805,487,0.0345528832678167,0.284931506849315,0.3050195631807818,0.2223287671232877,0.6027397260273972,0.0614246264249691,0.2465753424657534,0.2730220520440845,0.1638600782778864,0.7397260273972602,0.0989448940470509,0.2143835616438356,0.250852111732438,0.1298000949329448,0.8082191780821918,0.4959324597418876,73,0.0378141087400063,0.4105919003115265,0.430262273417657,0.323852544132918,0.8348909657320872,0.0635178916791018,0.3657320872274143,0.3926650591808791,0.2634548121775536,0.897196261682243,0.1105018015961598,0.3330218068535825,0.3646686039158704,0.215138630410009,0.9781931464174456,0.6560770679242367,321,0.1330275229357798,0.6654398441314697,3.16000665041734,0.7944447915495403,0.9725161455516196,0.0150964812712826
lightgcn_frac0.5_s43,sparsity,LightGCN,43,frac0.5,22.16558500000974,18.803756599954795,13.0,33.0,623872,279.96728515625,lightgcn,0.5,0.03947520893227,0.3048808172531215,0.3209759049827935,0.2371992054483541,0.6662883087400681,0.070216093082595,0.2813847900113507,0.3041127961724921,0.1961745552363964,0.7684449489216799,0.1168029909527445,0.2505107832009081,0.2862239375666865,0.1602155203588662,0.8524404086265607,0.5009141484602103,881,0.0434135101501889,0.2336065573770492,0.2498299310288548,0.1763183060109289,0.5717213114754098,0.0763881719615059,0.2125,0.2379559246924898,0.1431685479861343,0.6926229508196722,0.1214715454411428,0.1851434426229508,0.227393295169804,0.1174036824321769,0.7848360655737705,0.4137615444492094,488,0.0277550734789479,0.2944444444444445,0.3077180302988585,0.2324421296296296,0.625,0.0589155931058024,0.2930555555555555,0.3033096825045998,0.2002783289241622,0.7361111111111112,0.1009260830509276,0.2611111111111112,0.2835829841784769,0.1627235403290507,0.8055555555555556,0.4643520060186726,72,0.036116825001724,0.4155763239875389,0.4321092453777013,0.3308203530633437,0.8193146417445483,0.0633676865574254,0.3834890965732087,0.4048678661610569,0.275836423873807,0.8909657320872274,0.1132668002318486,0.3475077881619938,0.3762535392290844,0.2247376370889943,0.9657320872274144,0.641608681211485,321,0.0944414463032919,0.676170289516449,2.9146349738708244,0.7612983931447399,0.983657326555152,0.0020431328036322,0.0409438622321149,0.3253121452894438,0.3397611334361991,0.2562107453651154,0.6696935300794552,0.0664181398560933,0.2863791146424517,0.3111300481386386,0.2038072936640919,0.7707150964812712,0.1142240355798924,0.2574347332576617,0.292194068572213,0.1658893470225128,0.8422247446083996,0.5151678366103642,881,0.0438938584448037,0.2722792607802875,0.2827094665128822,0.2095106091718001,0.5893223819301848,0.0700454933743021,0.2390143737166324,0.2621820054309391,0.1668153597852556,0.704312114989733,0.1140378573750902,0.208829568788501,0.2460934652533193,0.1350998918710179,0.7638603696098563,0.4265245869056398,487,0.0327148662375018,0.273972602739726,0.2949239902917893,0.2239269406392694,0.5616438356164384,0.0524946685011941,0.2397260273972602,0.2651419645826051,0.1667259186779734,0.6986301369863014,0.115636772570292,0.2171232876712328,0.2535535803396209,0.1291839470779228,0.821917808219178,0.4788191998707711,73,0.0383397144191158,0.4174454828660436,0.4365127634710814,0.3344029075804777,0.8161993769470405,0.0640813555742862,0.3688473520249221,0.3958491350490439,0.2683618487201041,0.8878504672897196,0.114185216219891,0.3403426791277259,0.3709222600279151,0.2209484088752638,0.9657320872274144,0.6579177216203054,321,0.1011872638963842,0.6735901236534119,2.956315381577472,0.7618316930107888,0.982397964340429,0.0052213393870601
hybrid_frac0.5_s43,sparsity,Hybrid (id+content+graph),43,frac0.5,17.00793380002142,14.470340200059582,10.0,30.0,637824,281.44482421875,hybrid,0.5,0.0391861329985119,0.3103291713961408,0.3240603689564186,0.2430609156261824,0.6583427922814983,0.0713555471769046,0.2884222474460839,0.3084639024194988,0.201180827419882,0.775255391600454,0.1177451441619442,0.2544835414301929,0.2890302887955893,0.163055228168025,0.8581157775255391,0.4939268258867522,881,0.0432092859093207,0.2323770491803279,0.2458938131717576,0.1736748633879781,0.5717213114754098,0.0769003236225685,0.2139344262295082,0.2360791033917737,0.141312491868332,0.6967213114754098,0.1205437544071427,0.1851434426229508,0.2249968790409609,0.1147797761202233,0.7909836065573771,0.4046485787833076,488,0.0311042605916698,0.3472222222222222,0.3511264962449175,0.2821296296296296,0.5833333333333334,0.0692997767424214,0.3319444444444444,0.3420048421273793,0.2424020534139582,0.7638888888888888,0.1165517937017479,0.28125,0.311724734190145,0.1897807932464733,0.8333333333333334,0.4790450675867343,72,0.0348826943468544,0.4205607476635514,0.4368221074553052,0.3397819314641744,0.8068535825545171,0.0633872124909195,0.3919003115264798,0.4109836353371388,0.2829497354497354,0.897196261682243,0.1137582265092254,0.3538940809968847,0.3812866872125696,0.2304514272760592,0.9657320872274144,0.6329899759929273,321,0.1322180248246087,0.6448735594749451,3.133516939247325,0.8710520720977192,0.9728462541646428,0.0056753688989784,0.0403249990926833,0.3178206583427923,0.3360986329051323,0.2508238743851684,0.6833144154370034,0.0694635095487183,0.2839954597048808,0.3109193439350454,0.2014412525320381,0.7832009080590239,0.1171849132019979,0.2569239500567537,0.293674301495167,0.1651277384385927,0.8513053348467651,0.5207783679351486,881,0.0428396266637828,0.2591375770020533,0.2763434367916081,0.2014835728952772,0.5852156057494866,0.0736891094595018,0.2318275154004106,0.2592120444702326,0.1622523605038638,0.6981519507186859,0.1198821613185766,0.2063655030800821,0.246952832667405,0.132212248780707,0.7700205338809035,0.4377762454214606,487,0.0405045995719387,0.2904109589041095,0.3091923374212718,0.2205022831050228,0.684931506849315,0.0744063107073745,0.2630136986301369,0.2866703691671243,0.1738557295064144,0.8082191780821918,0.1215822999244533,0.2301369863013698,0.2675023906804737,0.1403805021626617,0.8767123287671232,0.5042924091049542,73,0.0364691284942065,0.4130841121495328,0.4328741471655938,0.3325752855659397,0.8317757009345794,0.0619286446230688,0.3679127725856698,0.3948808081014694,0.2671693945837248,0.9065420560747663,0.1120927977393403,0.3397196261682243,0.3705088959144589,0.220692821652092,0.968847352024922,0.6504528497381713,321,0.1408526713437668,0.6483714580535889,3.140529955727194,0.869059732045549,0.97198566854498,0.0076049943246311
graphsage_frac0.5_s44,sparsity,GraphSAGE,44,frac0.5,35.4365598000004,30.271752499917056,39.0,59.0,640384,167.71240234375,graphsage,0.5,0.0351799464603313,0.2878547105561861,0.3025423929409941,0.2202270147559591,0.6435868331441543,0.0653291647952301,0.262088535754824,0.2840151914868096,0.1785773141391756,0.7468785471055619,0.1093631613956698,0.2354143019296254,0.2679954148102268,0.1464909620401136,0.8354143019296254,0.4820530557972706,881,0.0361700204287736,0.2118852459016393,0.2235371343863492,0.1543852459016393,0.5389344262295082,0.0680894677253336,0.1846311475409836,0.2079720678346419,0.1201696808049267,0.6577868852459017,0.1095533140420475,0.1612704918032786,0.1985874324665178,0.0968843048077864,0.7602459016393442,0.3781202707226822,488,0.0259382312057296,0.2805555555555556,0.2948586219661293,0.2131481481481481,0.5833333333333334,0.0515030922810747,0.2666666666666667,0.2803454738448449,0.174932208994709,0.6666666666666666,0.0839339883747934,0.2444444444444444,0.265434850388935,0.15107887085228,0.7222222222222222,0.4737370268620269,72,0.0357476953753827,0.4049844236760124,0.4243735383766857,0.3219106957424715,0.8161993769470405,0.064233991558871,0.378816199376947,0.400442805232851,0.2681890669040201,0.9003115264797508,0.1147778217261085,0.3461059190031152,0.3740871781188343,0.220876380404287,0.9750778816199376,0.6419220688805626,321,0.117107393416082,0.6677737236022949,3.088565538377416,0.7930864738787664,0.9770199933475978,0.012599318955732,0.0379498404564875,0.3003405221339387,0.3129744129573822,0.2303405221339386,0.6549375709421112,0.0631726862403405,0.2711691259931895,0.2917152579090797,0.1862774813545042,0.7525539160045402,0.1033025001906341,0.2396140749148694,0.2708494598115381,0.1491005596635756,0.8240635641316686,0.4860809824914435,881,0.0377601368740255,0.228747433264887,0.2391252345801239,0.169596167008898,0.5523613963039015,0.0610785652157287,0.2057494866529774,0.2250628847978517,0.1350536123644073,0.6570841889117043,0.0964412689217956,0.182135523613963,0.2125265593607348,0.1083205731877495,0.7351129363449692,0.3822316669432232,487,0.0309448008113054,0.2328767123287671,0.2403988993485823,0.1590867579908676,0.6301369863013698,0.0588649330118567,0.2287671232876712,0.2380388082508264,0.1338843589186054,0.7534246575342466,0.1021914459978802,0.1993150684931507,0.2247135103905148,0.1072785759947999,0.8356164383561644,0.4253905531302791,73,0.0398306926021489,0.4242990654205607,0.4415182209423268,0.3387019730010384,0.8161993769470405,0.0673293931707619,0.3800623052959501,0.405042630277368,0.2759058992236562,0.897196261682243,0.1139645767762893,0.3359813084112149,0.3698250885569459,0.2204801802914508,0.956386292834891,0.6574361788009396,321,0.1292498650836481,0.6704422235488892,3.1207196944422777,0.7930584025767056,0.9755881342217088,0.0170261066969352
gat_frac0.5_s44,sparsity,GAT,44,frac0.5,69.91435759997694,65.62383379999665,21.0,41.0,628160,535.78076171875,gat,0.5,0.0398798262742626,0.3066969353007946,0.3164957973093978,0.2317057636524151,0.6640181611804767,0.0676841057237101,0.2770715096481271,0.2966444766103634,0.1905285299893699,0.7480136208853575,0.1121198735788007,0.2438706015891033,0.277454968793365,0.1537008564958791,0.8388195232690124,0.4800137169673528,881,0.043423151342304,0.2348360655737705,0.2468222972356045,0.1753403916211293,0.5614754098360656,0.0720815015328511,0.2075819672131147,0.2312266557133976,0.13981350019516,0.6680327868852459,0.1171694653389176,0.1823770491803278,0.2217092471326194,0.1135028384157789,0.7704918032786885,0.3981483890548342,488,0.0239085487980915,0.2611111111111111,0.2645979211548588,0.1884259259259259,0.5694444444444444,0.0433908842781936,0.2583333333333333,0.2618409769060988,0.1688941247795414,0.625,0.0796884422589996,0.23125,0.2472027068272277,0.1393141463723786,0.75,0.4028365275075801,72,0.0380754317106493,0.4261682242990655,0.4340575266525068,0.3271028037383177,0.8411214953271028,0.0664479150359105,0.3869158878504673,0.4039022603375483,0.2724805914058251,0.897196261682243,0.1117175753734693,0.3401869158878504,0.3689879128183049,0.2180387878104615,0.9626168224299064,0.6217801894359285,321,0.1397733405288721,0.649684488773346,3.140596518239827,0.7996206632993863,0.9706229061931658,0.0096481271282633,0.040244146714942,0.317366628830874,0.3253800639934479,0.2389964055996973,0.6867196367763905,0.0706097962864912,0.2965947786606129,0.3119900466752097,0.2033412490358736,0.7820658342792282,0.1150320972561037,0.2540295119182746,0.2870550329926095,0.1616732694879207,0.8558456299659478,0.4872738816640519,881,0.043826346096623,0.264476386036961,0.2743106043211676,0.1950975359342916,0.6139630390143738,0.0739875080763533,0.2437371663244353,0.2629250728226328,0.1628634772412273,0.7186858316221766,0.1174692544541318,0.2086242299794661,0.2455668982769441,0.1305650953026782,0.7864476386036962,0.4262520458599949,487,0.027515726768599,0.2657534246575342,0.2705815495521326,0.204337899543379,0.547945205479452,0.0560074125795888,0.2465753424657534,0.2571668055684753,0.1637384938754801,0.6986301369863014,0.118913253962685,0.2157534246575342,0.2434072192248425,0.1249585476080185,0.821917808219178,0.417138529767352,73,0.0377040954912798,0.4093457943925234,0.4153212428551817,0.313478712357217,0.8286604361370716,0.0688061463454975,0.3881619937694704,0.3988957752328311,0.2737576851439779,0.897196261682243,0.1104519726610255,0.331619937694704,0.3599242292903541,0.2172179907509921,0.968847352024922,0.595801964919612,321,0.1511063140852671,0.6518796682357788,3.192106548514348,0.8027930373846796,0.9689966205061828,0.0171396140749148
lightgcn_frac0.5_s44,sparsity,LightGCN,44,frac0.5,47.67848940001568,43.72905180009548,23.0,43.0,623872,279.7333984375,lightgcn,0.5,0.0432365781592614,0.3128263337116913,0.3245485132096378,0.2366212637154748,0.6787741203178207,0.0706976695793145,0.277639046538025,0.3002827940178994,0.189862332981286,0.7616345062429057,0.1190076495172757,0.2521566401816118,0.2867865834673105,0.1587984558591526,0.8524404086265607,0.5002936836946792,881,0.0477997432120794,0.2397540983606557,0.255124521006189,0.1805737704918033,0.5819672131147541,0.0777982414443796,0.2172131147540983,0.2419032342725456,0.1462968429250874,0.6782786885245902,0.125904048832794,0.1870901639344262,0.2305115888221135,0.1186496442042667,0.7827868852459017,0.4182170560375972,488,0.0353185707180018,0.3027777777777778,0.313650886876372,0.2309259259259259,0.6111111111111112,0.0566190694648494,0.2763888888888888,0.2946094630781233,0.189795524691358,0.7083333333333334,0.0968688618899673,0.2590277777777777,0.2830890681696476,0.1617301415014728,0.8194444444444444,0.4786586541182129,72,0.0380754317106493,0.4261682242990655,0.432534610690255,0.3231048805815161,0.8411214953271028,0.063060847579594,0.3697819314641745,0.3903067970814401,0.2561077203467056,0.9003115264797508,0.1134891132032359,0.3495327102803738,0.3731679494744378,0.2191770811592687,0.9657320872274144,0.6299233298820984,321,0.1457096600107933,0.6711242198944092,3.1385318709667724,0.7970616862302515,0.970384007772162,0.0069239500567537,0.04331997965259,0.3246311010215664,0.3402001429042623,0.2523070374574347,0.6969353007945517,0.0711665511038808,0.2930760499432464,0.3159653790265758,0.2021034523659381,0.7866061293984109,0.1188054748845867,0.2581157775255391,0.2945182162363907,0.1645113479581936,0.8547105561861521,0.5208021347846712,881,0.0483894022809791,0.2735112936344969,0.2862837541594166,0.2076984941820671,0.6139630390143738,0.0755597981342552,0.2449691991786448,0.268077592174778,0.1657162005801636,0.7166324435318275,0.1224199484035604,0.2094455852156057,0.2502391096089822,0.1328129312200404,0.7864476386036962,0.4414928239124366,487,0.034195185073892,0.2931506849315068,0.3081243915833941,0.2290867579908675,0.6712328767123288,0.0645238878866685,0.2671232876712329,0.2857690421428896,0.1790845836051315,0.7534246575342466,0.1198567947826403,0.2287671232876712,0.2635156508153143,0.1381059796248364,0.7945205479452054,0.4921501253693034,73,0.0377040954912798,0.4093457943925234,0.4292930125776679,0.3252647975077881,0.8286604361370716,0.0660120436617131,0.3719626168224299,0.39548464628307,0.2625426082513309,0.9003115264797508,0.1130827491640319,0.3386292834890965,0.3687459801095575,0.2186070515090212,0.97196261682243,0.6476408608971324,321,0.153804641122504,0.6747472882270813,3.1597971785587933,0.7962004308222764,0.9698181247944097,0.010783200908059
hybrid_frac0.5_s44,sparsity,Hybrid (id+content+graph),44,frac0.5,21.93407799999113,19.35506660005194,6.0,26.0,637824,281.73193359375,hybrid,0.5,0.0426337917376659,0.313961407491487,0.3314521476805658,0.246880754193467,0.6730987514188422,0.069332759933595,0.2851305334846765,0.3093455613195791,0.2001667064543058,0.7684449489216799,0.1212282640974935,0.25788876276958,0.2941502062573632,0.1655712185507758,0.8649262202043133,0.5134513834100569,881,0.0479518373093244,0.240983606557377,0.2562135341600879,0.1810490664845173,0.5819672131147541,0.072985813963301,0.2131147540983606,0.2387013859058995,0.1438543564055859,0.680327868852459,0.1244699220037013,0.1876024590163934,0.2298256799628166,0.1173230572327311,0.7930327868852459,0.4168961716881132,488,0.032486628948475,0.3388888888888888,0.3566153782048107,0.2753240740740741,0.6388888888888888,0.0612896516350176,0.3083333333333333,0.3315543227897008,0.2226437114197531,0.75,0.1241401817817347,0.2847222222222222,0.3184046322804076,0.1875716479898733,0.875,0.5354313952659541,72,0.0368250362294179,0.4193146417445483,0.4401895021984712,0.3405815160955348,0.8193146417445483,0.0655832690644393,0.3894080996884735,0.4117609095315008,0.2807339415516985,0.9065420560747663,0.1156469957750799,0.3587227414330218,0.3864992721703834,0.2339857724560431,0.97196261682243,0.655309272714368,321,0.1138694009713977,0.6499012112617493,3.05565071553775,0.8537584436465233,0.9780063375463172,0.0024971623155505,0.0414612239465423,0.3205448354143019,0.3394112834565315,0.2527216546853323,0.6867196367763905,0.070279215072394,0.2908059023836549,0.3155854628675943,0.2026466061894552,0.7809307604994324,0.1137893918928844,0.254994324631101,0.2919902007015863,0.163343471855092,0.8444948921679909,0.52566815468361,881,0.0435979881832037,0.2566735112936344,0.2748359844065395,0.2011111111111111,0.5790554414784395,0.0702502839444852,0.2344969199178645,0.2586118044593852,0.1609219196462522,0.6878850102669405,0.1115431058747438,0.2012320328542094,0.2402006458650327,0.1281069065699808,0.7597535934291582,0.4349827889512156,487,0.0347578039865767,0.2767123287671233,0.2925759100654297,0.2064840182648401,0.6712328767123288,0.0832830908179759,0.2698630136986301,0.2888923283577773,0.1703016960208741,0.8493150684931506,0.1294965785089738,0.2397260273972602,0.2734230719486273,0.1379843645134339,0.8767123287671232,0.4935580401333825,73,0.0397439201266776,0.4274143302180685,0.4480316974593243,0.3415368639667705,0.8535825545171339,0.0673658397760206,0.3809968847352025,0.4080925359642126,0.273304241045674,0.9065420560747663,0.113625269362853,0.340031152647975,0.3747843240796785,0.2225690859665878,0.9657320872274144,0.6705523025772006,321,0.1152185644900161,0.6521872878074646,3.0439556606124136,0.8491188634179515,0.9785319140725258,0.0044267877412031
graphsage_frac0.2_s42,sparsity,GraphSAGE,42,frac0.2,8.143967300013173,5.475792999903206,9.0,29.0,640384,88.171875,graphsage,0.2,0.0326851248173134,0.2919409761634506,0.3075474842102849,0.2264093832765796,0.6356413166855845,0.0568548882650468,0.2683314415437003,0.2874405377975809,0.1839410482316271,0.7287173666288309,0.0997636077112512,0.2400681044267877,0.269355177259191,0.1506591478187491,0.8161180476730987,0.4814559695107675,881,0.0315863127862701,0.2184426229508196,0.2282736144297057,0.1631147540983606,0.5184426229508197,0.0536644189583998,0.1911885245901639,0.2092759115057891,0.1262029583008066,0.6188524590163934,0.0923638681865241,0.1658811475409836,0.19706032745888,0.1006028793436181,0.7295081967213115,0.3717413427212537,488,0.0285027108438486,0.3138888888888889,0.3374914586725993,0.268287037037037,0.5694444444444444,0.0527714346171136,0.3,0.3197674908985503,0.2231517305996473,0.6944444444444444,0.0992029888716171,0.2743055555555556,0.3008010019481882,0.1850185125614584,0.7777777777777778,0.5027850165185692,72,0.0352937044971845,0.3987538940809969,0.4213471175175622,0.3132398753894081,0.8286604361370716,0.0626211115806072,0.3785046728971963,0.3990193446733583,0.2629224150719478,0.9034267912772586,0.1111388022424678,0.345171339563863,0.3722080972745929,0.2190503775832003,0.956386292834891,0.6434654601298362,321,0.0294117647058823,0.71254962682724,3.9807817390210767,0.6169616831121963,0.9936364811365194,0.0,0.0320863285003857,0.2928490351872871,0.3077331861418918,0.2263526295875899,0.6367763904653803,0.0575630920897675,0.2706015891032917,0.2893022039716448,0.1843379637136731,0.7525539160045402,0.0992119617415954,0.2423382519863791,0.270429200509242,0.1502922456509245,0.8297389330306469,0.487028714655198,881,0.0302619045795806,0.2328542094455852,0.2415246021261168,0.1768104038329911,0.5195071868583162,0.0545904791644223,0.2129363449691992,0.2292334117605816,0.142572683419706,0.648870636550308,0.091997532894639,0.1865503080082135,0.2145269706078586,0.1133536881116458,0.7433264887063655,0.382706844018835,487,0.029318522614866,0.2438356164383561,0.2545489940366656,0.1719634703196347,0.589041095890411,0.0521653848568307,0.2287671232876712,0.2408961384163637,0.1356309342610712,0.7534246575342466,0.0883606111866007,0.2041095890410958,0.2265910184819619,0.1087840295575504,0.821917808219178,0.4408687893457179,73,0.0354836627031115,0.3950155763239876,0.4202753245822778,0.313883696780893,0.8255451713395638,0.063300460073093,0.367601246105919,0.3914428413309074,0.2587781651255171,0.909657320872274,0.1126249693396713,0.3356697819314642,0.3652098025340555,0.2157725487551148,0.9626168224299064,0.655796395488534,321,0.0315704263356718,0.7143449187278748,3.973675496011476,0.6065215122256429,0.993765853819894,0.0
gat_frac0.2_s42,sparsity,GAT,42,frac0.2,19.497640499990663,14.474728799948934,36.0,56.0,628160,236.501953125,gat,0.2,0.0345081707669567,0.2633371169125993,0.2787280868502719,0.1963450624290579,0.6254256526674233,0.0612591161919972,0.2440408626560726,0.2637061609465103,0.159684032702079,0.7321225879682179,0.1104687990821779,0.2292281498297389,0.2579084223148932,0.1354932709507708,0.8240635641316686,0.4634973447134989,881,0.0380237036223449,0.2020491803278688,0.2110562551277601,0.1443818306010929,0.5020491803278688,0.0636426820240045,0.1772540983606557,0.1972457317207731,0.1119427255001879,0.6290983606557377,0.1109006532706519,0.1570696721311475,0.1929860053826999,0.0914713838841084,0.7459016393442623,0.3553322886214768,488,0.0312598464291671,0.2888888888888889,0.2954335382668991,0.2183564814814814,0.625,0.059280104444115,0.2597222222222222,0.2771162944915385,0.1776184964726631,0.6944444444444444,0.1055891805995187,0.2340277777777778,0.2643080976720952,0.1515523752640787,0.7361111111111112,0.4484244465329992,72,0.0298922807946559,0.3507788161993769,0.3778591191823235,0.270404984423676,0.8130841121495327,0.058079392577754,0.3420560747663551,0.3617346962951636,0.2282400343314896,0.897196261682243,0.1109067669537548,0.3378504672897195,0.3551712348918147,0.1988154683899395,0.9626168224299064,0.6313160239717631,321,0.1654074473826227,0.7121638059616089,4.607615554534466,0.8009197044492681,0.9661805594265948,0.033144154370034,0.0337708431882251,0.2724177071509648,0.2908268428604692,0.2047710934544078,0.6492622020431328,0.058061607404606,0.2565266742338252,0.2757694906417253,0.1683140626032226,0.7343927355278093,0.1009399764293061,0.2374006810442679,0.2634672609343308,0.1401136785558354,0.8320090805902384,0.4848315736687555,881,0.036460650574383,0.2344969199178644,0.2461821743969097,0.1761943874058864,0.5482546201232033,0.058809807363345,0.2063655030800821,0.2270137996699489,0.1367287164694762,0.6324435318275154,0.0965803433206963,0.1814168377823408,0.2130290365768821,0.1081890046884339,0.7535934291581109,0.3928725324871884,487,0.0243913517868706,0.2082191780821917,0.2121622725836548,0.1405022831050228,0.5753424657534246,0.0461193535113224,0.210958904109589,0.21276754952777,0.120811589475973,0.7123287671232876,0.0824775645620444,0.1972602739726027,0.2082749818921035,0.1034535031071315,0.7534246575342466,0.3797218502878199,73,0.0318230758213713,0.3445482866043614,0.3764482359195373,0.2627414330218068,0.8193146417445483,0.0596423275114713,0.3429906542056075,0.3640659492229522,0.2270360068568791,0.8940809968847352,0.1117527408847675,0.3314641744548287,0.3525403189784434,0.1968847345719721,0.968847352024922,0.6482492149841184,321,0.1621694549379384,0.7180361747741699,4.587990018647134,0.7988810174083557,0.967903935882114,0.030760499432463
lightgcn_frac0.2_s42,sparsity,LightGCN,42,frac0.2,15.187181499990402,10.355280699935976,37.0,57.0,623872,132.208984375,lightgcn,0.2,0.0364391955880212,0.2869466515323496,0.3001350749588763,0.2154921806028503,0.6549375709421112,0.0662792901336024,0.2696935300794552,0.2880678654699142,0.1819016614717522,0.7559591373439274,0.1108614165574833,0.242622020431328,0.2728312885440564,0.1490153281394212,0.8376844494892168,0.4837545428055261,881,0.0379941448997465,0.214344262295082,0.2237548980918998,0.1535536202185792,0.5491803278688525,0.0668354945837304,0.1944672131147541,0.2131060868093326,0.1237988577717061,0.6741803278688525,0.1108998329095397,0.1734631147540983,0.2069899013831643,0.101478651942545,0.7622950819672131,0.3790755975750804,488,0.0396162581608376,0.3249999999999999,0.3329858807319111,0.2519598765432099,0.6388888888888888,0.0690786053954555,0.2805555555555556,0.3050685456085608,0.2044868827160493,0.6944444444444444,0.0998770368453339,0.24375,0.2794300054130694,0.1661823573905101,0.7777777777777778,0.4855939834493756,72,0.033362672942025,0.3887850467289719,0.4088835743215743,0.3014745586708204,0.8193146417445483,0.0648058369544253,0.381619937694704,0.3982152144306033,0.2651665595279303,0.8940809968847352,0.1132668002318486,0.3475077881619938,0.3714465200703691,0.2174323744883219,0.9657320872274144,0.6424800429491412,321,0.1489476524554776,0.6796497702598572,4.394695840680735,0.7921189467876117,0.9721696815851584,0.012599318955732,0.0365123539604833,0.2928490351872871,0.3089262781234873,0.2244807037457434,0.6572077185017026,0.0626799767360784,0.2738933030646992,0.2934003997916747,0.1868117939570834,0.7502837684449489,0.1077841319313403,0.2469353007945516,0.2766862056369775,0.1524840086143971,0.8251986379114642,0.4921346520885551,881,0.0382052513883966,0.233264887063655,0.2451962302826109,0.1754295003422313,0.5626283367556468,0.0618424519108834,0.2160164271047228,0.2348414539285216,0.1436169779342264,0.6632443531827515,0.1044149522453557,0.1921971252566735,0.2237127067495296,0.1163477094971788,0.7392197125256673,0.390560368600559,487,0.0302207098806234,0.2410958904109589,0.2558674028842086,0.1777625570776255,0.5753424657534246,0.057992341990826,0.2246575342465753,0.2395514806501468,0.1377328404725664,0.7123287671232876,0.1021134805676381,0.2013698630136986,0.2289425205202067,0.1135137559908087,0.7808219178082192,0.4393462251519209,73,0.0353748118123089,0.3950155763239876,0.4176796463196683,0.3095223260643821,0.8193146417445483,0.0650166494035967,0.3728971962616823,0.3944881808903884,0.2635053734197036,0.8909657320872274,0.114185216219891,0.3403426791277259,0.3679116977606891,0.2161700089620834,0.9657320872274144,0.6582412914188616,321,0.1513761467889908,0.6848052144050598,4.391318477591346,0.7884857709209,0.9726815367661608,0.0114642451759364
hybrid_frac0.2_s42,sparsity,Hybrid (id+content+graph),42,frac0.2,9.654317200009244,6.725621200021124,13.0,33.0,637824,133.998046875,hybrid,0.2,0.0376556948541537,0.3085130533484677,0.3244041175121973,0.2414566780174045,0.659477866061294,0.0655728665791721,0.2795686719636776,0.3021237611231367,0.1946694560554284,0.7604994324631101,0.1143516925271929,0.2503405221339387,0.2851159972180525,0.1594970226747598,0.8433598183881952,0.5035494780296459,881,0.039308076158376,0.2254098360655737,0.2411164198688327,0.1686270491803278,0.5594262295081968,0.066515250459817,0.1983606557377049,0.2223433699060485,0.1309172950638968,0.6659836065573771,0.114877947343552,0.1781762295081967,0.216580471117165,0.1084299392639538,0.764344262295082,0.405766461118438,488,0.0330687250106441,0.3611111111111111,0.3706074826725218,0.2952314814814814,0.6388888888888888,0.0624846848986932,0.3249999999999999,0.344357671747352,0.2414682539682539,0.75,0.1190163564772991,0.2951388888888889,0.3260151715284333,0.2005868327087129,0.8472222222222222,0.5191243099411958,72,0.0361725165123225,0.4230529595015577,0.4406588033639683,0.3401142263759086,0.8161993769470405,0.0648328844833459,0.392834890965732,0.413936812054587,0.2810917025169361,0.9065420560747663,0.1125053742879689,0.35,0.3801334308220574,0.2279153104692417,0.9626168224299064,0.648710613092069,321,0.1117107393416082,0.6449108123779297,4.330489449574732,0.8496249105287468,0.9785338742646984,0.0038592508513053,0.0401578777659601,0.3171396140749148,0.3321535674418034,0.2458380628074158,0.684449489216799,0.0654937894614528,0.2837684449489216,0.3069135274488046,0.1969731564274089,0.7650397275822929,0.1101112659498442,0.2501135073779795,0.2851846857405503,0.1591069136798176,0.8388195232690124,0.511847938495245,881,0.0419432993017342,0.2509240246406571,0.2640701270416823,0.1883572895277207,0.5872689938398358,0.0664341976490139,0.2256673511293634,0.2478242259708775,0.1521529465653475,0.6714579055441479,0.1107781234087378,0.1991786447638604,0.2350236528772178,0.1240278970160954,0.75564681724846,0.4232955214017794,487,0.0322997422910733,0.284931506849315,0.2939468404650147,0.2119634703196346,0.6301369863013698,0.0576864602344702,0.2547945205479452,0.2698077203131858,0.1647997494279294,0.7397260273972602,0.1014335025071754,0.2171232876712329,0.2469161080316188,0.1264322592958129,0.8356164383561644,0.4628620864317883,73,0.0392362067433581,0.4249221183800623,0.4441340239656804,0.3407476635514018,0.8442367601246106,0.0658425628141865,0.3785046728971962,0.404998305457062,0.2722881125451219,0.912772585669782,0.1110730016159926,0.3348909657320872,0.3699885149529953,0.2197571656588364,0.9657320872274144,0.6573339021249961,321,0.1114409066378845,0.6521605849266052,4.316609688087873,0.8466920955269981,0.9791106608114092,0.0051078320090806
graphsage_frac0.2_s43,sparsity,GraphSAGE,43,frac0.2,10.720586100011133,7.213154400000349,20.0,40.0,640384,88.25244140625,graphsage,0.2,0.0318465301417726,0.2787741203178207,0.2924898925603841,0.2135139992432841,0.626560726447219,0.0531484830430534,0.2499432463110102,0.2696861896584747,0.1692988946114452,0.717366628830874,0.1002850294102258,0.2316118047673099,0.2592048962961125,0.140385504876618,0.8274687854710556,0.4696020000997282,881,0.0313431335470816,0.1971311475409836,0.2055950874004466,0.1408657786885246,0.514344262295082,0.051759607730357,0.1805327868852458,0.1949712785610173,0.1138132333990062,0.6188524590163934,0.0978684370907653,0.1630122950819672,0.1908561379307624,0.0934721275284945,0.7418032786885246,0.3524215499212168,488,0.0301984938419455,0.3361111111111111,0.3529235019809466,0.280324074074074,0.625,0.049248430425898,0.2902777777777777,0.3146022863989617,0.2202099867724868,0.6527777777777778,0.094864572242709,0.2611111111111111,0.2928132654397333,0.1785032166501464,0.7916666666666666,0.5100200390496443,72,0.0329814714246285,0.3900311526479751,0.4110364503166738,0.3089719626168224,0.7975077881619937,0.0561346978126203,0.346417445482866,0.3731968365439702,0.2422316174652623,0.881619937694704,0.1051746554786306,0.3292834890965732,0.3555737171806925,0.2031557631264319,0.9657320872274144,0.6386797598589792,321,0.0291419320021586,0.6755170822143555,4.048474213627984,0.6115874630929659,0.9938290087614464,0.0,0.0335204334064277,0.2914869466515323,0.3033553218429161,0.2183598183881952,0.6549375709421112,0.0568118642300677,0.2568671963677639,0.2775967273269017,0.1719373727546259,0.7491486946651532,0.097735735878597,0.236038592508513,0.2630898822804742,0.141852117318854,0.8342792281498297,0.4878021630935748,881,0.0306612921999663,0.2262833675564681,0.2337192118027781,0.1667796030116358,0.5277207392197125,0.0568992773946895,0.2086242299794661,0.2232925756488104,0.1339951978966352,0.6591375770020534,0.0928524242164512,0.1849075975359343,0.2107781914307695,0.1081025734676448,0.7453798767967146,0.3799094144331937,487,0.0349377066284992,0.2547945205479451,0.2667064223670365,0.1715068493150684,0.7123287671232876,0.0502375732833309,0.210958904109589,0.231675988278125,0.1245913966804377,0.7397260273972602,0.0902141545838891,0.1917808219178082,0.2188329797314274,0.100780637898976,0.8356164383561644,0.4765522325029725,73,0.0375358253763202,0.3987538940809969,0.4173371139029983,0.3072689511941848,0.8348909657320872,0.0581743347220956,0.3404984423676013,0.3704264339243821,0.2402678880482618,0.8878504672897196,0.1068548891931724,0.3236760124610592,0.3525183786352611,0.2023949392914084,0.968847352024922,0.6540483111643524,321,0.0304910955207771,0.6743373870849609,4.040781985770723,0.5976625991187675,0.9940191474021636,0.0
gat_frac0.2_s43,sparsity,GAT,43,frac0.2,14.858855200000107,11.044060199841624,21.0,41.0,628160,237.3154296875,gat,0.2,0.0313424262526623,0.2812712826333712,0.2911136719185894,0.2126002648505486,0.6106696935300795,0.0575190896702422,0.2600454029511918,0.2755489522434608,0.1743544325074377,0.7219069239500567,0.1051640274551558,0.2400113507377979,0.2653323313003053,0.1463460541535299,0.8217934165720772,0.4572855830777187,881,0.0305425819117795,0.1991803278688524,0.2032848208530572,0.1414088114754098,0.4877049180327868,0.0568972592555923,0.1840163934426229,0.1962510697696177,0.1141399915688801,0.6209016393442623,0.1019380914920875,0.166905737704918,0.1932325371240096,0.0950031350554838,0.7397540983606558,0.335271054520899,488,0.0275007109685967,0.3194444444444445,0.3300821667351957,0.2618518518518518,0.5694444444444444,0.051146052013714,0.2944444444444445,0.3100780619093426,0.2195241769547325,0.6527777777777778,0.088715716194354,0.2659722222222222,0.2896810315018964,0.184223647704425,0.7222222222222222,0.4706533628408629,72,0.0334200821367854,0.3975077881619937,0.4158948173802219,0.3097819314641744,0.8068535825545171,0.0598938932640715,0.3679127725856698,0.3883566492879839,0.2557638579834841,0.8909657320872274,0.1137575949341434,0.3453271028037383,0.3694805965449088,0.2159041780917915,0.968847352024922,0.6397796945817112,321,0.0612520237452779,0.6754809021949768,4.197601121172888,0.7330108424881948,0.9877586611397416,0.0030646992054483,0.0359219168271958,0.3035187287173666,0.319900323906218,0.2326399924328414,0.6674233825198638,0.0602163179033844,0.2695800227014756,0.2929960396541194,0.1848315106090361,0.7559591373439274,0.1031322507466209,0.2435868331441543,0.2751342225486073,0.1515727038210477,0.8331441543700341,0.5112970911801927,881,0.0356869422718894,0.2451745379876796,0.2585761972993236,0.1852481177275838,0.5708418891170431,0.0594354281521817,0.2164271047227926,0.2387615902072283,0.1468897689123561,0.6714579055441479,0.0977973839465547,0.1882956878850102,0.2222757494685832,0.1167743289950624,0.75564681724846,0.4180193630721599,487,0.0312892805504285,0.2438356164383561,0.2666263198727917,0.1746118721461187,0.6575342465753424,0.0516683192295802,0.221917808219178,0.2430441491781253,0.1356584764803943,0.6986301369863014,0.0916588519138285,0.2013698630136986,0.2283511895679853,0.1074014016820982,0.7945205479452054,0.4881097649328914,73,0.037331932579963,0.405607476635514,0.4250525106725661,0.317736240913811,0.8161993769470405,0.0633449696542361,0.3610591900311526,0.3866367402316381,0.2535768679226623,0.897196261682243,0.1138351736326834,0.3370716510903427,0.3659667390519006,0.2144116869873971,0.9595015576323987,0.658085030135535,321,0.0642201834862385,0.6723577976226807,4.205987944310641,0.7333821869153614,0.9879298104187888,0.004994324631101
lightgcn_frac0.2_s43,sparsity,LightGCN,43,frac0.2,13.59687439998379,10.007341000047743,21.0,41.0,623872,132.29052734375,lightgcn,0.2,0.0342011184449743,0.299205448354143,0.3130904521422236,0.230262958758986,0.6481271282633371,0.0624754666390476,0.2734392735527809,0.2934436025244911,0.1878734198623326,0.7480136208853575,0.1093396628559435,0.2467650397275823,0.2776886643525637,0.1541455171213901,0.8444948921679909,0.4881734846396889,881,0.0343901788482238,0.2204918032786885,0.2334071137010276,0.1648463114754098,0.5348360655737705,0.0642922337820938,0.2024590163934426,0.2222603150264906,0.1323412998509968,0.6536885245901639,0.1091000673334133,0.1793032786885245,0.2135008648089281,0.1073512329413736,0.7725409836065574,0.3933832255167362,488,0.0260240047577843,0.3,0.3080335033054711,0.2371296296296296,0.5972222222222222,0.0495495728586116,0.2888888888888889,0.2986982329641507,0.2066936728395061,0.6944444444444444,0.0934551005966273,0.2548611111111111,0.278667487815238,0.1706725876452774,0.7916666666666666,0.4558714940842134,72,0.035747818472052,0.4186915887850466,0.4353632542467403,0.3281723779854621,0.8317757009345794,0.0626127936994366,0.3778816199376947,0.4004813312078828,0.2680747169064926,0.9034267912772586,0.1132668002318486,0.3475077881619938,0.3750505674303879,0.2215774847292659,0.9657320872274144,0.6395236085399854,321,0.0723151645979492,0.6521733999252319,4.1538622792260025,0.7361484023554561,0.9873378936387476,0.0027241770715096,0.0376653572293399,0.3044267877412032,0.3212352134089714,0.2365474839197881,0.6640181611804767,0.0614558502152651,0.2729852440408626,0.2965396900812947,0.1902626059252052,0.7434733257661748,0.1086991187818801,0.2494892167990919,0.2813895281702266,0.1567649389993446,0.8331441543700341,0.5070752746697089,881,0.0403945702230891,0.2574948665297741,0.271119016277366,0.2000034223134839,0.5708418891170431,0.0607692099575388,0.22217659137577,0.2465718825362498,0.155409441782645,0.6570841889117043,0.1075786717629134,0.1968172484599589,0.2333398213068694,0.1240339322294644,0.7618069815195072,0.4242677887444132,487,0.0302754977373277,0.2383561643835616,0.2565101826313627,0.1778082191780822,0.5753424657534246,0.0561850723654539,0.2260273972602739,0.2432117294681366,0.1443739581068348,0.6712328767123288,0.0920500834481169,0.2013698630136986,0.2270402014036737,0.115624625391746,0.726027397260274,0.4453215163831603,73,0.0352053354690939,0.3906542056074766,0.4119875973649129,0.3053478712357217,0.8255451713395638,0.0636962258805266,0.3607476635514018,0.3844750900787944,0.2535752608416159,0.8909657320872274,0.114185216219891,0.3403426791277259,0.3666471857914517,0.2157781576606726,0.9657320872274144,0.6467490129891391,321,0.0887749595250944,0.6505788564682007,4.178827411536927,0.7329115896776779,0.9863949799478466,0.0055618615209989
hybrid_frac0.2_s43,sparsity,Hybrid (id+content+graph),43,frac0.2,15.136004600004526,11.212162699986948,23.0,43.0,637824,134.07958984375,hybrid,0.2,0.0397578589808437,0.3060158910329171,0.319531165760229,0.2383799974776138,0.6492622020431328,0.0698798599259951,0.2795686719636776,0.3009182763211947,0.1929379718213429,0.771850170261067,0.1152742025637774,0.2469920544835414,0.2815771336708354,0.1553723812407065,0.8433598183881952,0.4870958168861006,881,0.0428328440625372,0.2172131147540983,0.2309192405861806,0.1587283697632058,0.5430327868852459,0.072140998115907,0.1956967213114754,0.2186117173714281,0.1243747967083007,0.6741803278688525,0.1182060296971464,0.1764344262295082,0.2135177865335511,0.1024367608726841,0.7725409836065574,0.3897202901267162,488,0.0303595114175712,0.3111111111111111,0.3171340314573964,0.2490740740740741,0.5972222222222222,0.0616316811499168,0.2777777777777778,0.2951896880770671,0.1950661375661375,0.7361111111111112,0.1037707845029081,0.2520833333333334,0.2789893549789029,0.1606369655706923,0.7916666666666666,0.447029769885162,72,0.0371911558801869,0.4398753894080996,0.4547810509774864,0.3570716510903426,0.822429906542056,0.0682924251446887,0.4074766355140187,0.4273296754522328,0.2966937398012164,0.9283489096573208,0.1133973005678226,0.3531152647975077,0.3856247394926855,0.2346668755330302,0.9626168224299064,0.6441176625018238,321,0.1497571505666486,0.6372658610343933,4.507411591461166,0.8950290960587426,0.9679871215374276,0.0120317820658343,0.0384635255326198,0.3071509648127128,0.3239104770675767,0.2399416698196494,0.6606129398410897,0.0668117311473499,0.2816118047673099,0.3036630902102991,0.1951830059808007,0.7593643586833144,0.1130123314216942,0.2500567536889898,0.2839090726534474,0.1577713234921704,0.8388195232690124,0.504150845977612,881,0.0413648491529558,0.2464065708418891,0.2620761100744726,0.1864858544375998,0.5749486652977412,0.069262043753407,0.2225872689938398,0.2457459952721434,0.1499753337337672,0.675564681724846,0.1126846077524806,0.1905544147843942,0.2291439467934034,0.1186960638958842,0.75564681724846,0.4257913338574778,487,0.0277464538877378,0.2684931506849315,0.2896230167098043,0.2118721461187215,0.6301369863013698,0.0579088799772445,0.2547945205479452,0.2734265893294729,0.1675543596434007,0.7397260273972602,0.1063505609651875,0.2328767123287671,0.2596360521143374,0.136387641511666,0.8082191780821918,0.4754059162701387,73,0.0364990446197624,0.4080996884735202,0.425518954736608,0.3274247144340602,0.7975077881619937,0.0651189146248199,0.3772585669781931,0.3984072951921749,0.2700522507376089,0.8909657320872274,0.1150245141950027,0.3442367601246106,0.3725151374297603,0.2219166823954981,0.97196261682243,0.6295697315575213,321,0.1565029681597409,0.6421744227409363,4.490911203105547,0.8900428948390762,0.9682032939804336,0.0122587968217934
graphsage_frac0.2_s44,sparsity,GraphSAGE,44,frac0.2,15.514617100008763,11.142357100034133,29.0,49.0,640384,87.9267578125,graphsage,0.2,0.0338577299169676,0.28422247446084,0.2840062735635565,0.2036930886618741,0.6356413166855845,0.0599933793913055,0.2526674233825199,0.2646506784124235,0.1631358793990543,0.7446083995459705,0.1042843241788017,0.2316118047673098,0.2550786759966256,0.1367128122718666,0.8399545970488081,0.429110901323074,881,0.0326174411333014,0.2065573770491803,0.211704390279183,0.1462232468123861,0.514344262295082,0.0618421048246756,0.1875,0.2012334139367876,0.1157106496970372,0.6475409836065574,0.1004249846267332,0.1634221311475409,0.1920534882302147,0.0931252382704524,0.75,0.3505637364864069,488,0.0321052705667221,0.3249999999999999,0.3185594926138054,0.2421296296296296,0.625,0.0506319305861726,0.2847222222222222,0.2925479554779139,0.1977491181657848,0.6805555555555556,0.1105717423133491,0.26875,0.2885473017135578,0.1711147136073871,0.8472222222222222,0.4443086676848931,72,0.0361363529688267,0.3931464174454829,0.3861729005765047,0.2824402907580478,0.822429906542056,0.0592826202090158,0.3445482866043614,0.3548033921675484,0.2274703308114523,0.9065420560747663,0.1087412201156302,0.3269470404984423,0.3433856871442562,0.1952604733825602,0.9750778816199376,0.5451133227007768,321,0.0310307609282245,0.6814712882041931,4.0518702549440615,0.6242949222494911,0.9938366657621196,0.0,0.0346667198376823,0.291032917139614,0.2945013249601854,0.2127538151090932,0.6390465380249716,0.0565424865897499,0.2556186152099886,0.2706875081676553,0.1678579110838853,0.738933030646992,0.1015321155261374,0.2359818388195233,0.259956796545437,0.1402042917600373,0.8342792281498297,0.4426712420312255,881,0.034674414915092,0.2254620123203285,0.2346617910005674,0.1640371891398585,0.5338809034907598,0.0579739361543809,0.2096509240246406,0.2247971472267257,0.1345673715908144,0.648870636550308,0.0991430099369293,0.1864476386036961,0.2141626419370405,0.1102243395352287,0.7474332648870636,0.3807753612282827,487,0.025490358346951,0.2356164383561644,0.2347593008047693,0.1563926940639269,0.5753424657534246,0.0460313858603545,0.210958904109589,0.2170074607708814,0.1194684230871445,0.7123287671232876,0.0961637324951911,0.1993150684931506,0.2150889695195378,0.0996587580469778,0.8493150684931506,0.3747282017829964,73,0.0367418814767006,0.4031152647975078,0.3988721062738283,0.2994807892004154,0.8130841121495327,0.056761160780624,0.3355140186915888,0.3525169450467741,0.2293685819776162,0.881619937694704,0.106377555972254,0.3194704049844237,0.3396362503372743,0.1949085306838227,0.9626168224299064,0.5520268055488391,321,0.0345385860766324,0.6803077459335327,4.054279891417069,0.6103707248201486,0.9939360842588604,0.0011350737797957
gat_frac0.2_s44,sparsity,GAT,44,frac0.2,22.79347780000535,18.24560379993636,29.0,49.0,628160,237.4287109375,gat,0.2,0.0390687066181752,0.2928490351872871,0.3064588764826046,0.222082860385925,0.6458569807037458,0.0674045634142419,0.2659477866061294,0.2879607558308729,0.1804948184554016,0.753688989784336,0.1090063238401639,0.2334279228149829,0.2677519459236419,0.144964342024023,0.8320090805902384,0.4822167999282558,881,0.0415339788277513,0.2184426229508196,0.2305703095952547,0.1598531420765027,0.5409836065573771,0.0706892660383894,0.1924180327868852,0.2159725752415363,0.1254341142574212,0.6659836065573771,0.1118940644719333,0.1663934426229508,0.2046494806429266,0.099666936521832,0.7581967213114754,0.3838277618173921,488,0.0288125815206074,0.2916666666666667,0.2944017490101385,0.2256481481481481,0.5694444444444444,0.061074407470535,0.2694444444444444,0.2821739290397047,0.1839561287477954,0.6944444444444444,0.0926452994868218,0.2256944444444444,0.2536143969940319,0.1439752305767259,0.7638888888888888,0.4304835075055663,72,0.0376213177357817,0.4062305295950156,0.4245328136135836,0.3158878504672897,0.822429906542056,0.0638308448702013,0.3769470404984423,0.3986987111472603,0.2634244424664985,0.9003115264797508,0.1082860008655133,0.3370716510903427,0.3668544586336759,0.2140495442336013,0.9595015576323987,0.6433963876308572,321,0.1103615758229897,0.6913173198699951,4.342387920971381,0.7757494495154761,0.9799736966712874,0.0128263337116912,0.0398876646192585,0.3062429057888763,0.3221480445583227,0.2368662504729474,0.6685584562996595,0.066805998408344,0.280249716231555,0.3018193654885204,0.1937830140884705,0.7673098751418842,0.1087235401461518,0.2417707150964812,0.2769777882550915,0.1530018214600664,0.8433598183881952,0.5037711061081545,881,0.0428846028722457,0.2447638603696098,0.2609274692097858,0.1880681040383299,0.5728952772073922,0.0691726740295502,0.2225872689938398,0.2458296590560586,0.1518894798393918,0.6776180698151951,0.1104260082382606,0.1913757700205339,0.2291851986916389,0.1200184195052321,0.7679671457905544,0.4184985260090472,487,0.0282722361090771,0.2438356164383561,0.24730463421171,0.1735616438356164,0.589041095890411,0.0587479731344711,0.2465753424657534,0.2490758741906298,0.150078821482931,0.726027397260274,0.1053848936347674,0.2178082191780821,0.2370090638478306,0.1188259528119572,0.8356164383561644,0.4072950381349804,73,0.0379824227252974,0.4137071651090343,0.4320483222843045,0.3252959501557632,0.8317757009345794,0.0650479448801984,0.3753894080996884,0.3987578760721805,0.2672800771398902,0.912772585669782,0.1068999240541707,0.3236760124610591,0.3585750094361866,0.210814142841114,0.9595015576323987,0.6550810733053724,321,0.1308688613059903,0.6899084448814392,4.422458201891561,0.781063956514576,0.9763787654832212,0.0234960272417706
lightgcn_frac0.2_s44,sparsity,LightGCN,44,frac0.2,14.405883799976436,10.930410699977074,21.0,41.0,623872,131.9609375,lightgcn,0.2,0.0377997895739046,0.3053348467650397,0.3193813667804837,0.2359610291335603,0.6515323496027242,0.0653570163423023,0.2728717366628831,0.2952831447146849,0.1885002215667449,0.753688989784336,0.1140476887467092,0.2456867196367763,0.2794239498103791,0.1547309607096208,0.8444948921679909,0.4942690258186738,881,0.0385114763048742,0.2245901639344262,0.2377158351494361,0.1683811475409836,0.5307377049180327,0.0682154885836703,0.2010245901639344,0.2231583853315282,0.1319492518091025,0.6700819672131147,0.1178743845495315,0.1783811475409836,0.2155226606142516,0.1069451185259185,0.7827868852459017,0.394916318337482,488,0.0317472305376796,0.3138888888888889,0.3315081073948503,0.2582175925925926,0.625,0.0577427648635436,0.2944444444444444,0.3138898734172458,0.2167019400352733,0.7083333333333334,0.0939730709064627,0.2479166666666666,0.2819647699334786,0.1715241842430525,0.7777777777777778,0.5019881089508282,72,0.0380754317106493,0.4261682242990655,0.440813311053745,0.3337071651090343,0.8411214953271028,0.0627192956341498,0.3772585669781931,0.4007572821364795,0.2681461702022449,0.8909657320872274,0.1127328754530034,0.3475077881619937,0.3759999313644198,0.2236106457290589,0.9532710280373832,0.6435785188570119,321,0.0874257960064759,0.6528931260108948,4.16188926170268,0.7402939762975431,0.985940582899896,0.0035187287173665,0.0425811965337503,0.3148694665153235,0.3298256188268393,0.2447417707150964,0.677639046538025,0.0676701408660533,0.2816118047673099,0.3048179947096153,0.1955613505018605,0.775255391600454,0.1107013588174671,0.2508513053348468,0.2848603776402573,0.1598515646452584,0.8467650397275823,0.5067155378383911,881,0.0475309867092578,0.2611909650924024,0.2743854808132674,0.2010831622176591,0.5852156057494866,0.0709163850962958,0.2320328542094455,0.2556644574637429,0.160138172026739,0.6878850102669405,0.1114799728807492,0.2025667351129363,0.2397118417749086,0.1291168432201693,0.7720739219712526,0.422105830348626,487,0.0310058762482833,0.2575342465753424,0.26203545154797,0.1874429223744292,0.6301369863013698,0.0607497783211689,0.2410958904109589,0.2512349366255571,0.1458633864504706,0.821917808219178,0.1029354149579866,0.2116438356164383,0.2351957777229554,0.1144500698240013,0.863013698630137,0.4215162621164783,73,0.0377040954912798,0.4093457943925234,0.4293521902410669,0.3240083073727933,0.8286604361370716,0.0643189431266404,0.3660436137071651,0.3915760504070488,0.2606050866175476,0.897196261682243,0.1112861839044567,0.3330218068535825,0.3646511962084438,0.2168052046950097,0.956386292834891,0.6544553343343887,321,0.0966001079330814,0.650285542011261,4.207383343419862,0.7431723845732816,0.98469426821432,0.0093076049943245
hybrid_frac0.2_s44,sparsity,Hybrid (id+content+graph),44,frac0.2,10.70711270000902,8.204030899942154,9.0,29.0,637824,133.75,hybrid,0.2,0.0384257807365907,0.3082860385925085,0.3220153731921642,0.2439065455921301,0.6435868331441543,0.0680665689856544,0.2817253121452894,0.3033509066656741,0.1996129767331324,0.753688989784336,0.1144306321450976,0.2503972758229285,0.2845268821519127,0.1626328313565887,0.8342792281498297,0.4829824478932497,881,0.0418391514172213,0.230327868852459,0.2492397883294626,0.1800512295081967,0.5348360655737705,0.0717756631237437,0.2026639344262295,0.2310745774355027,0.1397011166716231,0.6577868852459017,0.1153708075533885,0.1778688524590163,0.2197136567134677,0.1131090305047585,0.7581967213114754,0.4088813318143083,488,0.0293172070978376,0.3416666666666667,0.3509979904786202,0.2856018518518518,0.5972222222222222,0.0575784707895642,0.3138888888888889,0.3296766801741665,0.236569756760729,0.7083333333333334,0.1108178030291747,0.2861111111111111,0.3119620355723476,0.1955889986555077,0.7638888888888888,0.4834762845179511,72,0.0352796511722371,0.4193146417445483,0.4261516254300882,0.3316303219106958,0.8193146417445483,0.0647802921343488,0.3947040498442368,0.407324093493438,0.2824045641101715,0.909657320872274,0.1138116854070929,0.3526479750778816,0.3769054583752455,0.230529313506654,0.9657320872274144,0.5955238448077197,321,0.0968699406368051,0.6287536025047302,4.228405675261494,0.7964869822083422,0.9824845803320444,0.0020431328036322,0.0403340175108036,0.3182746878547106,0.3333673333006637,0.2519277336360196,0.6685584562996595,0.0679324998625999,0.2862656072644722,0.3098102208047453,0.2028357830078683,0.7673098751418842,0.1115796517215947,0.2519296254256526,0.2871652715759877,0.1622944407063649,0.8410896708286039,0.5020420686672097,881,0.041954211440373,0.2550308008213552,0.273082525893732,0.2022279260780287,0.5646817248459959,0.0684603426217407,0.2264887063655031,0.253864284080767,0.1609904978418472,0.6652977412731006,0.1063570536503682,0.1944558521560574,0.2345023121961095,0.126329545059106,0.7618069815195072,0.4313776652507017,487,0.0374558103800514,0.3068493150684931,0.3158995897001369,0.2257990867579908,0.684931506849315,0.067290795768835,0.263013698630137,0.2836538425170518,0.1725304414003043,0.821917808219178,0.1199024617824374,0.236986301369863,0.2696863836679422,0.1389659226751048,0.863013698630137,0.4944123228369804,73,0.0385305118311917,0.4168224299065421,0.4287998768832626,0.3332710280373832,0.822429906542056,0.0672776243957565,0.3822429906542056,0.4006360363797583,0.2732125550116204,0.909657320872274,0.1176103063204913,0.3425233644859813,0.3710369850815579,0.2221632444337701,0.956386292834891,0.6109845481358892,321,0.1114409066378845,0.6291293501853943,4.247587373510546,0.7989322134425478,0.9813572860649328,0.0055618615209989
graphsage_frac0.1_s42,sparsity,GraphSAGE,42,frac0.1,7.397592900000745,4.2174274000281,19.0,39.0,640384,62.69921875,graphsage,0.1,0.0302312650112702,0.2783200908059023,0.2851544962050855,0.2069895320973641,0.6311010215664018,0.0534614630045187,0.262088535754824,0.2735452268744482,0.1743865954335658,0.7264472190692395,0.0924850501318227,0.2341657207718501,0.2565543940589473,0.1429741096114903,0.7922814982973894,0.4394015701371629,881,0.0291894880277046,0.2036885245901639,0.2101031068377864,0.1457126593806921,0.5163934426229508,0.0504913928113398,0.1903688524590164,0.2021352934502185,0.1199030447030056,0.6209016393442623,0.0810490282941672,0.1613729508196721,0.186813180501854,0.0943414275646988,0.6885245901639344,0.3491853927189758,488,0.0221472980222127,0.2861111111111111,0.2867945401384079,0.2192129629629629,0.5694444444444444,0.046878684674452,0.2763888888888888,0.2801895794167206,0.1920690035273368,0.6805555555555556,0.0867671299929241,0.2597222222222222,0.2719519487609301,0.1660816993365941,0.7638888888888888,0.4093258978675645,72,0.0336282518997191,0.3900311526479751,0.3988834521179913,0.2974039460020768,0.8193146417445483,0.0594532209298648,0.3679127725856698,0.3806158004818641,0.2532490233892103,0.897196261682243,0.1111531775672638,0.3390965732087227,0.3591247625241149,0.2117248958377419,0.956386292834891,0.5832985887773076,321,0.0291419320021586,0.7376422882080078,4.935800067184003,0.6137197426757197,0.9937307541288078,0.0,0.0294919459064174,0.2808172531214529,0.280829937422941,0.2001910707529322,0.6424517593643587,0.0549319637939853,0.2658342792281498,0.2724771595029922,0.1710590443559607,0.7480136208853575,0.0928250440266044,0.2345062429057888,0.2543852923016571,0.1399953385556336,0.8070374574347332,0.4292270229502055,881,0.026462127886175,0.2193018480492813,0.2249175400973904,0.1586824093086926,0.5236139630390144,0.0517209087547255,0.2092402464065708,0.2195802359073983,0.1331399318796649,0.6427104722792608,0.0830662568336022,0.1792607802874743,0.2027241939846273,0.1054652382767812,0.7166324435318275,0.3688851679601898,487,0.022939294536203,0.2273972602739726,0.2303667614222103,0.149269406392694,0.6027397260273972,0.0392853798871951,0.2136986301369862,0.2201461036210687,0.1238198521417699,0.6986301369863014,0.0815367355945933,0.197945205479452,0.2118581859696746,0.1007921445811603,0.7671232876712328,0.3892761214074671,73,0.0355787525291081,0.3862928348909658,0.3771325833593785,0.2747455867082035,0.8317757009345794,0.0633618218292353,0.3635514018691588,0.3646297105012308,0.239330286747213,0.9190031152647976,0.1101975545516163,0.3266355140186915,0.3424333721852339,0.2012974943062183,0.9532710280373832,0.529859107662846,321,0.0315704263356718,0.7397822141647339,4.929752394296456,0.6012131113005232,0.9938768497016528,0.0
gat_frac0.1_s42,sparsity,GAT,42,frac0.1,6.106135200010613,3.841229799989378,6.0,26.0,628160,133.21826171875,gat,0.1,0.0324390353408082,0.2769580022701476,0.2789430977074339,0.2013507377979568,0.619750283768445,0.0562948570694369,0.2597048808172531,0.2679781178963169,0.1694198627973491,0.7287173666288309,0.099433246141649,0.2332009080590238,0.2549074076610981,0.1401010794327892,0.8240635641316686,0.4244232544517543,881,0.0313104749764345,0.1954918032786885,0.1975505972296763,0.1380601092896174,0.4774590163934426,0.0548022236984566,0.180327868852459,0.1899460636033834,0.1105685058821646,0.6290983606557377,0.0953050615644522,0.1623975409836065,0.1862766288568464,0.0912958278187923,0.7397540983606558,0.3250586137295965,488,0.0232554272296825,0.2861111111111111,0.2801499560061859,0.2109259259259259,0.5833333333333334,0.0411893898091381,0.2736111111111111,0.2734774525179469,0.1885774911816578,0.625,0.0975388542098258,0.2624999999999999,0.2725282248215552,0.1647274996978433,0.7916666666666666,0.3883633713064827,72,0.0362146030723203,0.3987538940809969,0.4024092859804418,0.2954205607476635,0.8442367601246106,0.0619521739784085,0.3772585669781931,0.3853727920464546,0.2545915541709934,0.9034267912772586,0.1061340258698834,0.3342679127725856,0.3552909628664624,0.2087735421385417,0.9595015576323987,0.5835704702114818,321,0.0339989206691851,0.6679888963699341,4.981696979189822,0.6146484828045768,0.9936850571487902,0.003405221339387,0.0299716138080594,0.2631101021566402,0.2618668561138608,0.1831233446840711,0.6163450624290578,0.0571925369188463,0.2587968217934165,0.2619660787630598,0.1601153190918608,0.7491486946651532,0.0988882077411917,0.2349602724177071,0.251833145772931,0.1349793807315977,0.8308740068104427,0.4100615152484598,881,0.028609396742125,0.2119096509240246,0.2167224065618918,0.1523579739904175,0.5133470225872689,0.0555797302310684,0.2047227926078028,0.2148702614320505,0.1274212053062155,0.6611909650924025,0.0962243996622137,0.185523613963039,0.208376495114132,0.1061816352186014,0.75564681724846,0.3594809556471434,487,0.0215737074569355,0.2027397260273972,0.2027158858096623,0.1262100456621004,0.5616438356164384,0.0382188096103869,0.1917808219178082,0.194680789074242,0.1030381604696673,0.6575342465753424,0.0755076741209802,0.1801369863013698,0.1906171105082691,0.0850005152147494,0.7671232876712328,0.3586495561918608,73,0.0339480838228322,0.3545171339563863,0.343808811764999,0.2427414330218068,0.7850467289719626,0.0639542781975547,0.3560747663551402,0.3487183815278113,0.2226968330888372,0.9034267912772586,0.108246629824487,0.322429906542056,0.3316841097765304,0.1900353285433084,0.9595015576323987,0.4984908159866928,321,0.0323799244468429,0.6650522947311401,4.9569839241526745,0.6008082169300298,0.9939298974023166,0.0011350737797957
lightgcn_frac0.1_s42,sparsity,LightGCN,42,frac0.1,8.970833300001686,5.094682100025239,27.0,47.0,623872,84.62060546875,lightgcn,0.1,0.0320538958667172,0.2858115777525539,0.2971888122054986,0.2166363980325388,0.6322360953461975,0.0576172419010895,0.2643586833144155,0.2805705924303884,0.1780088551269501,0.7343927355278093,0.0999500544042264,0.2369466515323496,0.2645676668296418,0.1461251133367664,0.8195232690124858,0.4676471530064583,881,0.0295953070560694,0.2032786885245901,0.2115311138785871,0.1469672131147541,0.5081967213114754,0.0530643008378041,0.1870901639344262,0.2013154414917918,0.1177838313528204,0.6352459016393442,0.0929484355557501,0.1626024590163934,0.1911955070264458,0.0942010103433192,0.7315573770491803,0.356137483174213,488,0.0270207358016816,0.2916666666666667,0.305160766318224,0.2361574074074074,0.5694444444444444,0.0495464794909536,0.2722222222222222,0.2884002478527116,0.1920407572751322,0.6666666666666666,0.0868559032453857,0.25,0.2728548722578894,0.1609648560999018,0.7916666666666666,0.4709605458992714,72,0.0369204966900152,0.409968847352025,0.425621759518323,0.318172377985462,0.8348909657320872,0.0663491114724697,0.3800623052959501,0.3993019895258025,0.2664185580774366,0.9003115264797508,0.1135312658730519,0.3470404984423675,0.3742528231945196,0.2217341500403691,0.9595015576323987,0.636426450794163,321,0.0685375067458175,0.700781524181366,5.018781927417116,0.7037922069309924,0.9896707060918484,0.0053348467650397,0.0305263832950954,0.2851305334846765,0.294940210568661,0.2138857359061672,0.6242905788876277,0.056530254296011,0.2617480136208854,0.2777976171389987,0.175582716249572,0.7377979568671964,0.0999634685187445,0.2404653802497162,0.2650570253692046,0.1462014474636158,0.8206583427922814,0.4651630794557844,881,0.0273070353076635,0.2160164271047228,0.2216054600228964,0.1593018480492813,0.4969199178644763,0.0540674792068493,0.2030800821355236,0.2154273940673648,0.1310211531566767,0.6468172484599589,0.0937138202574156,0.1831622176591376,0.2071316351683656,0.1072580661633492,0.7351129363449692,0.3546332734926578,487,0.0267753268910773,0.2493150684931507,0.2568060583582016,0.1831050228310502,0.5616438356164384,0.0435402600163185,0.2150684931506849,0.2311767508247172,0.1407936507936508,0.6575342465753424,0.0817825851626218,0.1904109589041095,0.2128172860486292,0.1057968816126966,0.7671232876712328,0.4110744904661101,73,0.0362636094239822,0.3981308411214953,0.4148711034881342,0.3036967808930425,0.8317757009345794,0.0632207248593732,0.3613707165109034,0.3830238535154108,0.2511001087870247,0.8940809968847352,0.1135796155226826,0.338785046728972,0.3648176671081785,0.2144723508914878,0.9626168224299064,0.6451521215127591,321,0.073394495412844,0.701631486415863,5.0158429356682825,0.6993467556898865,0.9894370144313024,0.0047673098751418
hybrid_frac0.1_s42,sparsity,Hybrid (id+content+graph),42,frac0.1,9.435702899994794,5.524473199882777,27.0,47.0,637824,84.7294921875,hybrid,0.1,0.0346491376113843,0.2867196367763904,0.2991141220802559,0.2201324252743094,0.6152099886492622,0.0637452570929288,0.2715096481271282,0.2876319444853967,0.1825073826983183,0.753688989784336,0.1102002191168674,0.241827468785471,0.2716582410480386,0.149712679234921,0.8308740068104427,0.4654338934035785,881,0.0359911550369532,0.2008196721311475,0.2106178722368951,0.1454030054644808,0.5102459016393442,0.0642474705283472,0.1875,0.2036377983412895,0.1165231930659331,0.6516393442622951,0.1072956205474667,0.1647540983606557,0.1971303407857471,0.0950961153832546,0.7438524590163934,0.3553226328533388,488,0.0296136508174241,0.325,0.3399499534547106,0.2616666666666666,0.5972222222222222,0.0523959324505069,0.3013888888888889,0.3187707960793458,0.2128461199294532,0.7083333333333334,0.1095499133910556,0.2673611111111111,0.2981526469244484,0.1733352741465715,0.8472222222222222,0.5025440330748638,72,0.0337383916471709,0.4087227414330218,0.4244910381693505,0.3244236760124611,0.778816199376947,0.0655274104193159,0.3925233644859813,0.4083395644341815,0.2760148451904126,0.9190031152647976,0.1147617957963878,0.3532710280373832,0.3790165529012996,0.2274449419326603,0.9595015576323987,0.6245066818527512,321,0.1338370210469509,0.6166906356811523,5.335486025464117,0.8576114689544958,0.9742510381361512,0.0118047673098751,0.0369692882345925,0.2962542565266742,0.3045349355385957,0.2222354647496531,0.6515323496027242,0.0638569772879084,0.2729852440408626,0.2888080021951614,0.1839039459900494,0.7457434733257662,0.1047120482337902,0.2448354143019296,0.2717017129395004,0.1505844173173086,0.8229284903518729,0.4685332189560163,881,0.0386058824274569,0.2303901437371663,0.2412038161557733,0.1703342459502624,0.5420944558521561,0.0647935229331415,0.2104722792607803,0.2290828079377354,0.1384943683154302,0.6509240246406571,0.1015295276361324,0.186652977412731,0.216971645757628,0.1115150133074295,0.7330595482546202,0.3895060122228099,487,0.030944755565625,0.2684931506849315,0.2666264412479868,0.1907762557077625,0.6027397260273972,0.0529562207633973,0.2493150684931507,0.2551275780834381,0.1575396825396825,0.684931506849315,0.0939988610844478,0.221917808219178,0.2394233482617172,0.1252559234842383,0.8082191780821918,0.4094027547794671,73,0.0358564206735634,0.4024922118380062,0.4092376620889039,0.3081308411214953,0.8286604361370716,0.0649151003317113,0.373208722741433,0.387078533545698,0.258791969539633,0.9034267912772586,0.111976690579464,0.3383177570093458,0.3620751189801549,0.2156179992569511,0.9626168224299064,0.6018751926755168,321,0.1400431732325958,0.6225951910018921,5.328020632749674,0.8519336173867227,0.9738625525499957,0.010783200908059
graphsage_frac0.1_s43,sparsity,GraphSAGE,43,frac0.1,6.875338400015608,3.794220200041309,16.0,36.0,640384,62.7021484375,graphsage,0.1,0.0288875283227555,0.2642451759364358,0.2796980107707623,0.2006299659477866,0.6129398410896708,0.0534545560250303,0.2523269012485811,0.267939882301639,0.1655301290020359,0.7264472190692395,0.0949028482284226,0.2333711691259931,0.2569314177291126,0.1389967499217186,0.8138479001135074,0.4622162639261665,881,0.027467254296095,0.1905737704918032,0.2014820774986317,0.139771174863388,0.4733606557377049,0.0507554728956004,0.178483606557377,0.1925200107710499,0.1114666682930002,0.6127049180327869,0.0837798613296319,0.1580942622950819,0.1833337580208922,0.0892826746902965,0.7172131147540983,0.3508673427296225,488,0.0226083710193239,0.2833333333333334,0.3027594468458555,0.2347685185185185,0.5972222222222222,0.0453968114282875,0.2736111111111111,0.2904714412643432,0.1994251543209876,0.6805555555555556,0.102618550211978,0.2729166666666666,0.2909905659831178,0.1749039931363579,0.7777777777777778,0.4781017593517593,72,0.0324551079204421,0.3719626168224299,0.3934330638529836,0.2854932502596053,0.8286604361370716,0.0593651796329036,0.3598130841121495,0.3775430756399964,0.2401174405380012,0.909657320872274,0.1100819356545717,0.3389408099688473,0.3611787674590913,0.2065205729792884,0.968847352024922,0.6279312728771657,321,0.0283324338909875,0.7206945419311523,4.965240794391507,0.6212559608395261,0.9937575842591668,0.0,0.0276803532711516,0.2692395005675368,0.283981150320552,0.2040257283390087,0.6186152099886493,0.0540744959212744,0.2547105561861521,0.2711428924112305,0.1669104898233729,0.7343927355278093,0.0965193255603994,0.2351872871736662,0.2590170041864506,0.1397214493154661,0.8274687854710556,0.4705355679720758,881,0.0238613668485185,0.2073921971252566,0.2143881236540981,0.1526078028747433,0.4825462012320328,0.0523162288308292,0.2034907597535934,0.2134509364598065,0.1282499891355127,0.62217659137577,0.0893893818947225,0.1802874743326488,0.2026477283540652,0.1039630562274977,0.731006160164271,0.3573062350453308,487,0.0242191124276314,0.2383561643835616,0.256021729239746,0.1752511415525114,0.589041095890411,0.0435989747330649,0.2027397260273972,0.2250188043969973,0.1262828875842574,0.684931506849315,0.0888627103658325,0.1965753424657534,0.2198525054565469,0.1026358404692447,0.8493150684931506,0.4594226211348438,73,0.0342614030200592,0.3700934579439253,0.3959214672223026,0.2885773624091381,0.8317757009345794,0.0591243062632871,0.3442367601246106,0.3691585963781543,0.2348029471393957,0.9158878504672896,0.1090776292189291,0.3272585669781931,0.3534433148956549,0.2024055205915245,0.968847352024922,0.6448468771759475,321,0.0286022665947112,0.7232354283332825,4.955147381248416,0.6022901303694697,0.9940125317535816,0.0
gat_frac0.1_s43,sparsity,GAT,43,frac0.1,7.169923799985554,4.327669100021012,11.0,31.0,628160,133.10107421875,gat,0.1,0.0309772821307642,0.2914869466515323,0.3001381130500471,0.2229615966704502,0.6288308740068105,0.0537614906085172,0.2553916004540295,0.2740826730038191,0.1742068453900247,0.7321225879682179,0.0964744863308231,0.2324063564131668,0.2592805965434102,0.1421661269724784,0.8149829738933031,0.4625949522195257,881,0.0282574490717577,0.2028688524590164,0.2136124401254164,0.150701844262295,0.5020491803278688,0.0502039924527373,0.1834016393442623,0.1995462337035832,0.1178537056140003,0.610655737704918,0.0896448457412011,0.1621926229508196,0.1898824284340043,0.0940556290542834,0.7110655737704918,0.3607144631219328,488,0.0268701425600034,0.3166666666666666,0.3289324280237765,0.2647685185185185,0.5694444444444444,0.0538663423806015,0.2875,0.3058221207718447,0.2135681216931216,0.7222222222222222,0.0926714567826205,0.2624999999999999,0.2876797131091029,0.1770011448324303,0.8055555555555556,0.4760799000382333,72,0.0360333337877422,0.4205607476635514,0.4252201619880882,0.3234371754932502,0.8348909657320872,0.0591462562547183,0.3576323987538941,0.3802775083284835,0.2510489647572425,0.9190031152647976,0.10771025809159,0.3323987538940809,0.3584132122588625,0.2074926120134834,0.9750778816199376,0.6144540252309848,321,0.0326497571505666,0.7377029657363892,4.988284821246667,0.6274357727788158,0.9936231273273454,0.0011350737797957,0.0328539488604855,0.2862656072644722,0.2971199441744486,0.2162050699962164,0.6345062429057888,0.0552551880711629,0.2564131668558456,0.2750594443723723,0.1705991696716522,0.7559591373439274,0.0958772904858643,0.2353575482406356,0.2612650457086343,0.1417131761143544,0.8251986379114642,0.4686759454077236,881,0.031293640691426,0.2225872689938398,0.234161555952727,0.1679945242984257,0.5236139630390144,0.0535751725850441,0.2049281314168377,0.2224364271721061,0.1352250578533946,0.6570841889117043,0.0890229296721491,0.1826488706365502,0.210273387085163,0.1095602137561575,0.731006160164271,0.383044745817074,487,0.024386157067319,0.2191780821917808,0.2263974982701857,0.1477625570776255,0.5753424657534246,0.0487386715881629,0.2205479452054794,0.2240361619434814,0.1201420339825427,0.7397260273972602,0.0855325132259143,0.1993150684931507,0.2142700184803745,0.0999458043759533,0.7808219178082192,0.3979013756411017,73,0.0371468425652616,0.3981308411214954,0.4087195504516747,0.3049117341640706,0.8161993769470405,0.059285945843745,0.3426791277258567,0.3664990362534895,0.2357411116055976,0.909657320872274,0.1086288246175019,0.3235202492211838,0.3493135651394549,0.1999920259752426,0.9781931464174456,0.6146850974127384,321,0.0291419320021586,0.7358870506286621,4.97320945559252,0.6140777349058859,0.993879606221895,0.0
lightgcn_frac0.1_s43,sparsity,LightGCN,43,frac0.1,5.93089940000209,3.270714199985377,11.0,31.0,623872,84.63671875,lightgcn,0.1,0.0319228684702587,0.294211123723042,0.3058361819640519,0.229199772985244,0.626560726447219,0.0575685039904268,0.2629965947786606,0.2823983646082589,0.1829383559347142,0.7264472190692395,0.0996577958166249,0.2401248581157775,0.2678208705730373,0.1507367227540433,0.8138479001135074,0.4704929181718152,881,0.0302494213730416,0.2139344262295082,0.2209235499410823,0.1588763661202185,0.5020491803278688,0.0551446043001966,0.1870901639344262,0.2038403299568056,0.1230184977375892,0.625,0.0900540434016363,0.1631147540983606,0.1922548622895667,0.0974071533913481,0.7172131147540983,0.3563111091353142,488,0.0265849993950546,0.3222222222222222,0.3382977430564819,0.2752777777777778,0.5694444444444444,0.0472431822505746,0.2847222222222222,0.307308417069314,0.2218230544532627,0.625,0.0896982005965139,0.25625,0.2842517679341105,0.1773535767148705,0.7638888888888888,0.4785305851030825,72,0.0356642041614008,0.409968847352025,0.4276434468505135,0.3257736240913811,0.8286604361370716,0.0635693956231424,0.3735202492211838,0.3962388541182689,0.2653096721554665,0.9034267912772586,0.1164918208457914,0.3535825545171339,0.3790146008918421,0.2258408235758992,0.97196261682243,0.6422748832520686,321,0.0426335671883432,0.6796959638595581,4.970521189211708,0.6427842108621151,0.9929978872803742,0.0078320090805902,0.0325626567303557,0.2858115777525539,0.302620175543728,0.2235811577752554,0.6288308740068105,0.0564144039968582,0.2651532349602724,0.2854746784824022,0.1830625797003965,0.7343927355278093,0.1010486784890918,0.2425085130533484,0.2704520620665641,0.1510601430925863,0.8229284903518729,0.484676807278261,881,0.0298987488792763,0.2184804928131417,0.2305616537628773,0.1656913073237508,0.5195071868583162,0.0533951434648924,0.2071868583162217,0.22331619866335,0.136494650145403,0.6427104722792608,0.0941524533903579,0.1838809034907597,0.2115039104730636,0.110089233446295,0.7330595482546202,0.3798881029001945,487,0.023620128973057,0.210958904109589,0.2282857226287503,0.153972602739726,0.5342465753424658,0.0396054017949999,0.1972602739726027,0.2134757918618145,0.1181311154598825,0.684931506849315,0.0850093831417693,0.1986301369863013,0.2149644018876754,0.1029307149956918,0.7945205479452054,0.4234615010480187,73,0.0386378207482948,0.4049844236760124,0.428847325606244,0.3272377985462097,0.8161993769470405,0.06481763465045,0.3685358255451713,0.3961509974705061,0.268478712357217,0.8847352024922118,0.1151587413658457,0.3414330218068536,0.3725029935902201,0.2241638229954435,0.9657320872274144,0.6575765468013955,321,0.0539665407447382,0.679037868976593,4.970986497104351,0.6329751552906079,0.9927518831627457,0.0093076049943245
hybrid_frac0.1_s43,sparsity,Hybrid (id+content+graph),43,frac0.1,8.514294099994004,4.772252800088609,22.0,42.0,637824,84.73828125,hybrid,0.1,0.0385375308380481,0.300794551645857,0.3144129631287456,0.232896329928112,0.659477866061294,0.0660137120353401,0.2777525539160045,0.2973312864002558,0.1919666257851356,0.753688989784336,0.1096025525536682,0.2459137343927355,0.278101195536056,0.155633536940078,0.8308740068104427,0.4865500571118922,881,0.0402763949854859,0.2188524590163934,0.2341900327367095,0.1624146174863387,0.5614754098360656,0.0672531225462793,0.1979508196721311,0.2203685821145105,0.1285997364565134,0.6618852459016393,0.1070107183777585,0.1693647540983606,0.2065709974485537,0.1013313544874652,0.75,0.396927051495201,488,0.0371370005802601,0.3333333333333333,0.3498954724496732,0.2749537037037036,0.6388888888888888,0.0614884050580705,0.3027777777777777,0.3255204705270784,0.2267484200470311,0.7083333333333334,0.1081607765860744,0.2798611111111111,0.3115418463364878,0.1928973496157233,0.7777777777777778,0.5096888065638066,72,0.0362081616000764,0.4180685358255451,0.4284131168988605,0.3306126687435098,0.8130841121495327,0.0651445212971003,0.3934579439252337,0.4080109699962448,0.2804985659892202,0.9034267912772586,0.1138661754431097,0.3546728971962616,0.3793442167481123,0.229828149165089,0.9657320872274144,0.6176093617237536,321,0.1133297355639503,0.6264051198959351,5.289513053784588,0.8445437576128008,0.9776022929347936,0.0064699205448354,0.0368182924201312,0.3039727582292849,0.3181421675371423,0.2372001513431706,0.6572077185017026,0.0643614874432313,0.2787741203178207,0.29886016028518,0.1937746165014961,0.7514188422247446,0.1081788749574925,0.2459137343927355,0.2774860462869293,0.1548328182832744,0.8251986379114642,0.4881709638030734,881,0.0373912149053173,0.2361396303901437,0.2500041677587539,0.1816563997262149,0.5338809034907598,0.0637325252104684,0.2154004106776181,0.2362777923909489,0.1467025931978997,0.6468172484599589,0.1046737538124934,0.1859342915811088,0.2198488922416553,0.1139302676361814,0.731006160164271,0.4003170042196335,487,0.0322041665554058,0.2986301369863013,0.307796555520238,0.2236529680365297,0.6575342465753424,0.0564185351311225,0.2630136986301369,0.279980351786077,0.1710029958203474,0.7534246575342466,0.1019751084946539,0.2301369863013698,0.2581138475374726,0.1361034631675249,0.821917808219178,0.4800404179936814,73,0.0369984106065465,0.4080996884735203,0.4238693811486971,0.3245482866043614,0.8442367601246106,0.0671220485838526,0.3785046728971962,0.3980995346930459,0.2703677743163724,0.909657320872274,0.114907438662794,0.3404984423676013,0.369334845441941,0.2211467905218537,0.968847352024922,0.6233061917196491,321,0.1216945493793847,0.6277136206626892,5.2785244751522,0.8325117081445638,0.9775417107454673,0.0064699205448354
graphsage_frac0.1_s44,sparsity,GraphSAGE,44,frac0.1,6.535368799988646,3.4580680999497417,15.0,35.0,640384,62.76513671875,graphsage,0.1,0.030925624727264,0.2824063564131668,0.2841305606594612,0.2052232311766931,0.6254256526674233,0.056190126754604,0.2692395005675369,0.275905472237553,0.1757721954969401,0.7321225879682179,0.0994677509667645,0.2379114642451759,0.2599460402749887,0.1449480290155981,0.8081725312145289,0.4282504189549816,881,0.0293018397653352,0.2057377049180327,0.2109682362150004,0.148186475409836,0.4938524590163934,0.0513200743441519,0.1891393442622951,0.2009509962170113,0.1203747614710729,0.6209016393442623,0.0930183090690739,0.1645491803278689,0.1912424816360619,0.0965948620875051,0.7192622950819673,0.3430754608713707,488,0.0298965748374044,0.3166666666666666,0.3208649334975535,0.2441203703703703,0.6388888888888888,0.053300800274976,0.2944444444444444,0.3039751901182097,0.2085025352733686,0.6944444444444444,0.0956067938326,0.2722222222222222,0.2922655246213306,0.1820334881740664,0.7638888888888888,0.4537672397047397,72,0.0336249974795729,0.3912772585669782,0.3871160419197546,0.283208722741433,0.822429906542056,0.0642418933677934,0.3853582554517134,0.3835589445447712,0.2526487168075953,0.909657320872274,0.1101385190656206,0.3417445482866044,0.3571433416546138,0.2101386595498648,0.9532710280373832,0.5520141835992796,321,0.0310307609282245,0.6842657327651978,4.889066577493251,0.6174783537127472,0.9937029439023628,0.000227014755959,0.0336738839605177,0.2871736662883087,0.2937236664180915,0.2113374952705259,0.6481271282633371,0.0604797139136841,0.2698070374574347,0.2821332667098234,0.1771303953540048,0.7491486946651532,0.0979740425087506,0.2370601589103291,0.262095317808054,0.1442501574677087,0.8172531214528944,0.4522497506996985,881,0.0332919493082077,0.2242299794661191,0.2335667933393338,0.1632340862422998,0.5379876796714579,0.0596411858438656,0.2121149897330595,0.2275381676001162,0.1370226415914301,0.6591375770020534,0.0918318336911851,0.182135523613963,0.2103751322154271,0.1090137136452467,0.7330595482546202,0.3829089713779735,487,0.0234882913027438,0.2136986301369862,0.2189552923694203,0.1465296803652968,0.547945205479452,0.0503817536835113,0.2164383561643836,0.2185708220255318,0.1201739508588823,0.7123287671232876,0.0908218441856168,0.1986301369863013,0.213238547380747,0.1001537017848142,0.7945205479452054,0.379740312959491,73,0.0365696797227996,0.3993769470404985,0.401993100981668,0.299055036344756,0.838006230529595,0.0640482941841022,0.3694704049844237,0.3794163562063366,0.2509319421780481,0.8940809968847352,0.1089191084643367,0.3291277258566978,0.3516724973245735,0.2077367288271799,0.9501557632398754,0.573938686789154,321,0.0350782514840798,0.6848650574684143,4.89487161945614,0.6068736574422473,0.9937811678212404,0.0022701475595914
gat_frac0.1_s44,sparsity,GAT,44,frac0.1,7.166890799999237,4.010042499954579,15.0,35.0,628160,133.1669921875,gat,0.1,0.0325710976083061,0.292622020431328,0.2939461604664762,0.2166212637154748,0.6220204313280363,0.0577216458429955,0.2671963677639046,0.2779952584171223,0.1786439900717507,0.7275822928490352,0.0992094565735613,0.2332009080590238,0.2590269284725432,0.1433245637939428,0.8183881952326901,0.4329990833407036,881,0.0294628208265158,0.2016393442622951,0.2110385695615627,0.1511407103825136,0.4815573770491803,0.0546010183551598,0.1903688524590163,0.2037513852258693,0.122303453712997,0.6209016393442623,0.0957085306129888,0.1652663934426229,0.1934140576405126,0.0970323388717688,0.7295081967213115,0.3504169668160399,488,0.0290981507008277,0.3138888888888889,0.3174267823490213,0.2475,0.5972222222222222,0.051448831518818,0.2847222222222222,0.2954649245612351,0.2017201278659612,0.6666666666666666,0.0864930482566146,0.2479166666666666,0.2721649323839337,0.1641512652731674,0.7777777777777778,0.4442675558565006,72,0.0380754317106493,0.4261682242990655,0.4147196794261476,0.3092419522326065,0.8411214953271028,0.063872763741452,0.3800623052959501,0.3869460190244599,0.2591196904514661,0.9034267912772586,0.1073840150395411,0.3331775700934579,0.3558280022557545,0.2090288730011602,0.9626168224299064,0.5560169738170231,321,0.0345385860766324,0.6783881187438965,4.907032346339564,0.6255545353419889,0.993544903408468,0.0022701475595914,0.0329903309349322,0.2898978433598184,0.2965705033363109,0.2159897212763274,0.6401816118047673,0.0600822265761604,0.270261066969353,0.2835142182171106,0.1795751738287277,0.7525539160045402,0.0977887698197749,0.2368898978433598,0.2628251692972737,0.1447621184635178,0.8195232690124858,0.4524432565825859,881,0.0310195613576281,0.2217659137577002,0.2295877713448921,0.1628274013232945,0.5215605749486653,0.0578598243855341,0.2114989733059548,0.2249701180328142,0.1360839731740289,0.6591375770020534,0.0934999996851875,0.1856262833675565,0.2115656297520689,0.1100990051964927,0.7371663244353183,0.371681108156798,487,0.0254101441069809,0.2191780821917808,0.2347290826669141,0.1510958904109589,0.6027397260273972,0.0509123384656415,0.210958904109589,0.2225319264657715,0.1180280478502917,0.726027397260274,0.0867315818723614,0.2013698630136986,0.2179362087916232,0.102393819371371,0.7945205479452054,0.4304823220919111,73,0.0377040954912798,0.4093457943925234,0.4122559057932796,0.3114018691588785,0.8286604361370716,0.0655392723671353,0.3728971962616822,0.3862017075865814,0.259553849577214,0.9003115264797508,0.1068099716132492,0.3227414330218068,0.3508011502176076,0.2069858629955051,0.9501557632398754,0.5799644855582183,321,0.0353480841878035,0.6790155172348022,4.907766254811802,0.6125921052754657,0.993665638995083,0.003405221339387
lightgcn_frac0.1_s44,sparsity,LightGCN,44,frac0.1,6.37339660001453,2.9358400999044534,23.0,43.0,623872,84.6103515625,lightgcn,0.1,0.0335140211632732,0.2939841089670829,0.3044941827808664,0.2230798335225123,0.6401816118047673,0.0545568998379058,0.2627695800227014,0.2809667286626777,0.1787791500759718,0.7253121452894438,0.1001119451914204,0.2377979568671964,0.2654914496860791,0.1464958955290801,0.8138479001135074,0.4716815008007556,881,0.030794238981892,0.2151639344262295,0.2238653784755401,0.1584084699453552,0.5204918032786885,0.0491104352742959,0.1870901639344262,0.2036414293455016,0.1208986035215543,0.6209016393442623,0.0915724184980601,0.1653688524590164,0.1938754735809416,0.0962435706078989,0.7192622950819673,0.3709812588117923,488,0.0336364031735338,0.3277777777777778,0.3401454490481457,0.2670833333333333,0.6388888888888888,0.0516318910899068,0.2666666666666667,0.2942893256472957,0.1975887345679012,0.6666666666666666,0.1003177788929581,0.2409722222222222,0.2761694824466523,0.1614522274312247,0.7638888888888888,0.4828390866768059,72,0.0376213177357817,0.4062305295950156,0.4190735140262091,0.3115264797507788,0.822429906542056,0.0634929600774621,0.3769470404984423,0.3955322086747944,0.262553033674529,0.897196261682243,0.1130479856893926,0.347196261682243,0.3719705088155053,0.2195372620854103,0.968847352024922,0.6222683291731496,321,0.059363194819212,0.6952744722366333,4.948403295516484,0.6880139567232366,0.9909907730079088,0.0048808172531215,0.0345931456332978,0.3037457434733258,0.3102234898469128,0.2274284272922184,0.656072644721907,0.0593378667434883,0.2713961407491487,0.2885095108150455,0.1852101838339068,0.7434733257661748,0.0987831131844124,0.2406923950056753,0.2680717159125185,0.149117911162541,0.8297389330306469,0.4681273621740232,881,0.0333326893010911,0.2410677618069815,0.2489085729233336,0.1806456764772986,0.5462012320328542,0.0577463285295,0.2147843942505133,0.2332351686178778,0.1451321936486207,0.6509240246406571,0.0936368748013588,0.1872689938398357,0.2168501514585557,0.1148319902128724,0.7412731006160165,0.3884462088209203,487,0.0280984098422407,0.2383561643835616,0.248733120940963,0.1612328767123287,0.6164383561643836,0.0510722489835708,0.2219178082191781,0.2326315038480882,0.1285083713850837,0.726027397260274,0.0834277387794629,0.1952054794520548,0.2156374441756103,0.1018545624910954,0.8082191780821918,0.4406560714779892,73,0.0379824227252974,0.4137071651090343,0.4172302234042878,0.3134579439252337,0.8317757009345794,0.0636321633375266,0.3685358255451714,0.3850755518075956,0.2589086683479206,0.8878504672897196,0.1100826783685508,0.3320872274143302,0.3577059954323754,0.2118826088432394,0.968847352024922,0.5952617107839034,321,0.0661090124123043,0.6951942443847656,4.961454910131063,0.6837613991967915,0.9907937736945884,0.0082860385925085
hybrid_frac0.1_s44,sparsity,Hybrid (id+content+graph),44,frac0.1,6.029217200004496,3.0228120000683703,17.0,37.0,637824,84.9130859375,hybrid,0.1,0.03699394116750893,0.3064699205448354,0.3143813628754931,0.2373092445453399,0.6503972758229285,0.06664462620960221,0.2771850170261067,0.2955274178369008,0.19324606363334,0.757094211123723,0.11121801504270315,0.24449489216799092,0.27634163958251684,0.15655416514395953,0.8376844494892168,0.4675692702433266,881,0.037703854814159915,0.22500000000000003,0.2334984569319452,0.16616689435336976,0.5348360655737705,0.0674612646529075,0.19487704918032786,0.2169268777077779,0.12898846632611757,0.6557377049180327,0.11115941164370896,0.16874999999999998,0.2058977955390659,0.10275910658401378,0.7622950819672131,0.37856594048338327,488,0.03874541916989668,0.3583333333333333,0.3701887767770077,0.29430555555555554,0.7083333333333334,0.06377004919852805,0.3055555555555556,0.33092233605749094,0.2329149213697825,0.7361111111111112,0.10522288163769979,0.2708333333333333,0.30560326159385043,0.1885876685295921,0.7916666666666666,0.5171942376986237,72,0.035521840620039775,0.41869158878504675,0.42482598686160633,0.33267912772585667,0.8130841121495327,0.06604789718924192,0.3959501557632399,0.4070807806753102,0.28203593817820194,0.9158878504672897,0.11265180963419662,0.3537383177570093,0.3768704841569345,0.23115097615171024,0.9626168224299065,0.5917456791718965,321,0.10469508904479223,0.6318497061729431,5.208911990738528,0.8390582435717069,0.9809928128328882,0.004994324631101055,0.04006326605658602,0.31032917139614075,0.3219100217280229,0.23972569050321604,0.6719636776390465,0.0668500828245758,0.2801362088535755,0.3001040930830225,0.19232834261211107,0.7695800227014756,0.10856792852922827,0.24693530079455167,0.27856860325094607,0.15443354068378784,0.8399545970488081,0.48621850245466985,881,0.04194216278817128,0.2427104722792608,0.2586868594245364,0.1861156741957563,0.5687885010266941,0.06798526794490196,0.22156057494866532,0.24427323352935568,0.1489920471953326,0.6694045174537988,0.10479522935509403,0.19188911704312112,0.22679025604442887,0.11742373647266761,0.7597535934291582,0.4165647780244159,487,0.03484710783734713,0.2794520547945205,0.28353673309528343,0.19949771689497717,0.6575342465753424,0.06773528066094694,0.2465753424657534,0.2610259972722674,0.15231137203739945,0.821917808219178,0.11545071476851389,0.2191780821917808,0.2470806738654972,0.12094650977699149,0.8493150684931506,0.4532783806756409,73,0.038398957152294494,0.4199376947040499,0.426554663821443,0.3302076843198339,0.8317757009345794,0.06492654825867565,0.3766355140186916,0.39369390491112494,0.2671757404934975,0.9096573208722741,0.11272637433089654,0.3367601246105919,0.3642840983746584,0.21819780207634762,0.9595015576323987,0.599383588708261,321,0.11737722611980572,0.6318148970603943,5.214103006912327,0.8338021243168531,0.9802427330469411,0.00783200908059023
